family,n,d,classes,merges,algorithm,trial,parlay_threads,union_style,dnc_cutoff,wallclock_ms
chain,5600,2,11202,1,nelson_seq,0,1,dnc,16,1.0846
chain,5600,2,11202,1,nelson_seq,1,1,dnc,16,1.0932
chain,5600,2,11202,1,nelson_seq,2,1,dnc,16,1.0887
chain,5600,2,11202,1,nelson_seq,3,1,dnc,16,1.0850
chain,5600,2,11202,1,nelson_seq,4,1,dnc,16,1.0779
chain,5600,2,11202,1,par_close,0,1,dnc,16,47.6608
chain,5600,2,11202,1,par_close,1,1,dnc,16,47.7523
chain,5600,2,11202,1,par_close,2,1,dnc,16,47.4213
chain,5600,2,11202,1,par_close,3,1,dnc,16,47.7125
chain,5600,2,11202,1,par_close,4,1,dnc,16,47.5114
chain,5600,2,11202,1,par_close,0,2,dnc,16,47.8596
chain,5600,2,11202,1,par_close,1,2,dnc,16,47.8071
chain,5600,2,11202,1,par_close,2,2,dnc,16,47.9912
chain,5600,2,11202,1,par_close,3,2,dnc,16,47.8422
chain,5600,2,11202,1,par_close,4,2,dnc,16,48.2181
chain,5600,2,11202,1,par_close,0,4,dnc,16,48.1118
chain,5600,2,11202,1,par_close,1,4,dnc,16,47.8596
chain,5600,2,11202,1,par_close,2,4,dnc,16,48.4650
chain,5600,2,11202,1,par_close,3,4,dnc,16,47.6842
chain,5600,2,11202,1,par_close,4,4,dnc,16,47.6688
chain,5600,2,11202,1,par_close,0,8,dnc,16,49.4888
chain,5600,2,11202,1,par_close,1,8,dnc,16,49.5300
chain,5600,2,11202,1,par_close,2,8,dnc,16,49.3548
chain,5600,2,11202,1,par_close,3,8,dnc,16,49.4369
chain,5600,2,11202,1,par_close,4,8,dnc,16,49.5473
chain,5600,2,11202,1,par_close,0,16,dnc,16,49.0327
chain,5600,2,11202,1,par_close,1,16,dnc,16,49.6316
chain,5600,2,11202,1,par_close,2,16,dnc,16,49.3784
chain,5600,2,11202,1,par_close,3,16,dnc,16,49.4708
chain,5600,2,11202,1,par_close,4,16,dnc,16,54.1912
chain,5600,2,11202,1,par_close,0,32,dnc,16,48.8540
chain,5600,2,11202,1,par_close,1,32,dnc,16,49.3330
chain,5600,2,11202,1,par_close,2,32,dnc,16,49.4888
chain,5600,2,11202,1,par_close,3,32,dnc,16,49.4387
chain,5600,2,11202,1,par_close,4,32,dnc,16,49.7195
chain,5600,2,11202,1,par_close,0,64,dnc,16,56.5828
chain,5600,2,11202,1,par_close,1,64,dnc,16,57.0680
chain,5600,2,11202,1,par_close,2,64,dnc,16,57.1932
chain,5600,2,11202,1,par_close,3,64,dnc,16,57.3797
chain,5600,2,11202,1,par_close,4,64,dnc,16,57.3083
chain,5600,2,11202,1,par_close,0,128,dnc,16,53.7389
chain,5600,2,11202,1,par_close,1,128,dnc,16,55.7972
chain,5600,2,11202,1,par_close,2,128,dnc,16,59.9912
chain,5600,2,11202,1,par_close,3,128,dnc,16,56.3533
chain,5600,2,11202,1,par_close,4,128,dnc,16,58.5064
chain,6100,2,12202,1,nelson_seq,0,1,dnc,16,1.2015
chain,6100,2,12202,1,nelson_seq,1,1,dnc,16,1.1732
chain,6100,2,12202,1,nelson_seq,2,1,dnc,16,1.1898
chain,6100,2,12202,1,nelson_seq,3,1,dnc,16,1.1836
chain,6100,2,12202,1,nelson_seq,4,1,dnc,16,1.1376
chain,6100,2,12202,1,par_close,0,1,dnc,16,51.9579
chain,6100,2,12202,1,par_close,1,1,dnc,16,51.9228
chain,6100,2,12202,1,par_close,2,1,dnc,16,52.4481
chain,6100,2,12202,1,par_close,3,1,dnc,16,51.6739
chain,6100,2,12202,1,par_close,4,1,dnc,16,51.7317
chain,6100,2,12202,1,par_close,0,2,dnc,16,51.7035
chain,6100,2,12202,1,par_close,1,2,dnc,16,51.6843
chain,6100,2,12202,1,par_close,2,2,dnc,16,54.5049
chain,6100,2,12202,1,par_close,3,2,dnc,16,51.8400
chain,6100,2,12202,1,par_close,4,2,dnc,16,52.3963
chain,6100,2,12202,1,par_close,0,4,dnc,16,52.1020
chain,6100,2,12202,1,par_close,1,4,dnc,16,51.8039
chain,6100,2,12202,1,par_close,2,4,dnc,16,52.1268
chain,6100,2,12202,1,par_close,3,4,dnc,16,51.9496
chain,6100,2,12202,1,par_close,4,4,dnc,16,52.1685
chain,6100,2,12202,1,par_close,0,8,dnc,16,52.2704
chain,6100,2,12202,1,par_close,1,8,dnc,16,52.3374
chain,6100,2,12202,1,par_close,2,8,dnc,16,52.4166
chain,6100,2,12202,1,par_close,3,8,dnc,16,51.9126
chain,6100,2,12202,1,par_close,4,8,dnc,16,52.0622
chain,6100,2,12202,1,par_close,0,16,dnc,16,52.5988
chain,6100,2,12202,1,par_close,1,16,dnc,16,52.4541
chain,6100,2,12202,1,par_close,2,16,dnc,16,52.3375
chain,6100,2,12202,1,par_close,3,16,dnc,16,52.3078
chain,6100,2,12202,1,par_close,4,16,dnc,16,52.2742
chain,6100,2,12202,1,par_close,0,32,dnc,16,52.3987
chain,6100,2,12202,1,par_close,1,32,dnc,16,53.1606
chain,6100,2,12202,1,par_close,2,32,dnc,16,57.5143
chain,6100,2,12202,1,par_close,3,32,dnc,16,61.9659
chain,6100,2,12202,1,par_close,4,32,dnc,16,62.0714
chain,6100,2,12202,1,par_close,0,64,dnc,16,63.7405
chain,6100,2,12202,1,par_close,1,64,dnc,16,64.4485
chain,6100,2,12202,1,par_close,2,64,dnc,16,64.6918
chain,6100,2,12202,1,par_close,3,64,dnc,16,64.6227
chain,6100,2,12202,1,par_close,4,64,dnc,16,64.6804
chain,6100,2,12202,1,par_close,0,128,dnc,16,58.1489
chain,6100,2,12202,1,par_close,1,128,dnc,16,58.6589
chain,6100,2,12202,1,par_close,2,128,dnc,16,58.3962
chain,6100,2,12202,1,par_close,3,128,dnc,16,58.9410
chain,6100,2,12202,1,par_close,4,128,dnc,16,58.7082
chain,6600,2,13202,1,nelson_seq,0,1,dnc,16,1.3197
chain,6600,2,13202,1,nelson_seq,1,1,dnc,16,1.2919
chain,6600,2,13202,1,nelson_seq,2,1,dnc,16,1.2867
chain,6600,2,13202,1,nelson_seq,3,1,dnc,16,1.2943
chain,6600,2,13202,1,nelson_seq,4,1,dnc,16,1.3123
chain,6600,2,13202,1,par_close,0,1,dnc,16,56.7572
chain,6600,2,13202,1,par_close,1,1,dnc,16,56.6380
chain,6600,2,13202,1,par_close,2,1,dnc,16,58.4652
chain,6600,2,13202,1,par_close,3,1,dnc,16,56.8726
chain,6600,2,13202,1,par_close,4,1,dnc,16,56.7304
chain,6600,2,13202,1,par_close,0,2,dnc,16,57.0024
chain,6600,2,13202,1,par_close,1,2,dnc,16,56.8993
chain,6600,2,13202,1,par_close,2,2,dnc,16,57.1783
chain,6600,2,13202,1,par_close,3,2,dnc,16,60.6599
chain,6600,2,13202,1,par_close,4,2,dnc,16,60.2844
chain,6600,2,13202,1,par_close,0,4,dnc,16,57.6617
chain,6600,2,13202,1,par_close,1,4,dnc,16,57.3845
chain,6600,2,13202,1,par_close,2,4,dnc,16,59.1091
chain,6600,2,13202,1,par_close,3,4,dnc,16,58.6016
chain,6600,2,13202,1,par_close,4,4,dnc,16,58.0048
chain,6600,2,13202,1,par_close,0,8,dnc,16,58.2210
chain,6600,2,13202,1,par_close,1,8,dnc,16,57.5740
chain,6600,2,13202,1,par_close,2,8,dnc,16,58.2424
chain,6600,2,13202,1,par_close,3,8,dnc,16,57.4878
chain,6600,2,13202,1,par_close,4,8,dnc,16,57.3780
chain,6600,2,13202,1,par_close,0,16,dnc,16,56.7207
chain,6600,2,13202,1,par_close,1,16,dnc,16,56.6667
chain,6600,2,13202,1,par_close,2,16,dnc,16,57.0511
chain,6600,2,13202,1,par_close,3,16,dnc,16,57.1232
chain,6600,2,13202,1,par_close,4,16,dnc,16,57.5346
chain,6600,2,13202,1,par_close,0,32,dnc,16,57.0897
chain,6600,2,13202,1,par_close,1,32,dnc,16,56.8606
chain,6600,2,13202,1,par_close,2,32,dnc,16,56.9775
chain,6600,2,13202,1,par_close,3,32,dnc,16,57.0021
chain,6600,2,13202,1,par_close,4,32,dnc,16,57.1244
chain,6600,2,13202,1,par_close,0,64,dnc,16,64.0570
chain,6600,2,13202,1,par_close,1,64,dnc,16,64.3102
chain,6600,2,13202,1,par_close,2,64,dnc,16,68.6940
chain,6600,2,13202,1,par_close,3,64,dnc,16,68.8921
chain,6600,2,13202,1,par_close,4,64,dnc,16,68.7878
chain,6600,2,13202,1,par_close,0,128,dnc,16,57.0445
chain,6600,2,13202,1,par_close,1,128,dnc,16,56.7097
chain,6600,2,13202,1,par_close,2,128,dnc,16,56.7570
chain,6600,2,13202,1,par_close,3,128,dnc,16,56.5600
chain,6600,2,13202,1,par_close,4,128,dnc,16,56.6040
chain,7100,2,14202,1,nelson_seq,0,1,dnc,16,1.4578
chain,7100,2,14202,1,nelson_seq,1,1,dnc,16,1.3999
chain,7100,2,14202,1,nelson_seq,2,1,dnc,16,1.3979
chain,7100,2,14202,1,nelson_seq,3,1,dnc,16,1.3910
chain,7100,2,14202,1,nelson_seq,4,1,dnc,16,1.3669
chain,7100,2,14202,1,par_close,0,1,dnc,16,60.3142
chain,7100,2,14202,1,par_close,1,1,dnc,16,60.0788
chain,7100,2,14202,1,par_close,2,1,dnc,16,60.1652
chain,7100,2,14202,1,par_close,3,1,dnc,16,60.3297
chain,7100,2,14202,1,par_close,4,1,dnc,16,61.9089
chain,7100,2,14202,1,par_close,0,2,dnc,16,60.6885
chain,7100,2,14202,1,par_close,1,2,dnc,16,60.9583
chain,7100,2,14202,1,par_close,2,2,dnc,16,61.6048
chain,7100,2,14202,1,par_close,3,2,dnc,16,60.5911
chain,7100,2,14202,1,par_close,4,2,dnc,16,61.8550
chain,7100,2,14202,1,par_close,0,4,dnc,16,60.4721
chain,7100,2,14202,1,par_close,1,4,dnc,16,60.2209
chain,7100,2,14202,1,par_close,2,4,dnc,16,60.3799
chain,7100,2,14202,1,par_close,3,4,dnc,16,60.2087
chain,7100,2,14202,1,par_close,4,4,dnc,16,60.4278
chain,7100,2,14202,1,par_close,0,8,dnc,16,60.9061
chain,7100,2,14202,1,par_close,1,8,dnc,16,61.1720
chain,7100,2,14202,1,par_close,2,8,dnc,16,61.0298
chain,7100,2,14202,1,par_close,3,8,dnc,16,61.0994
chain,7100,2,14202,1,par_close,4,8,dnc,16,60.7098
chain,7100,2,14202,1,par_close,0,16,dnc,16,60.9893
chain,7100,2,14202,1,par_close,1,16,dnc,16,61.6513
chain,7100,2,14202,1,par_close,2,16,dnc,16,61.0246
chain,7100,2,14202,1,par_close,3,16,dnc,16,60.8954
chain,7100,2,14202,1,par_close,4,16,dnc,16,61.0827
chain,7100,2,14202,1,par_close,0,32,dnc,16,61.2346
chain,7100,2,14202,1,par_close,1,32,dnc,16,61.1300
chain,7100,2,14202,1,par_close,2,32,dnc,16,61.1050
chain,7100,2,14202,1,par_close,3,32,dnc,16,61.0299
chain,7100,2,14202,1,par_close,4,32,dnc,16,61.0792
chain,7100,2,14202,1,par_close,0,64,dnc,16,71.0887
chain,7100,2,14202,1,par_close,1,64,dnc,16,70.8177
chain,7100,2,14202,1,par_close,2,64,dnc,16,73.2929
chain,7100,2,14202,1,par_close,3,64,dnc,16,73.0582
chain,7100,2,14202,1,par_close,4,64,dnc,16,74.1241
chain,7100,2,14202,1,par_close,0,128,dnc,16,70.1733
chain,7100,2,14202,1,par_close,1,128,dnc,16,70.3162
chain,7100,2,14202,1,par_close,2,128,dnc,16,71.7458
chain,7100,2,14202,1,par_close,3,128,dnc,16,73.9702
chain,7100,2,14202,1,par_close,4,128,dnc,16,72.2089
grid,160,2,102718,160,nelson_seq,0,1,dnc,16,33.1592
grid,160,2,102718,160,nelson_seq,1,1,dnc,16,30.7677
grid,160,2,102718,160,nelson_seq,2,1,dnc,16,30.6945
grid,160,2,102718,160,nelson_seq,3,1,dnc,16,31.2318
grid,160,2,102718,160,nelson_seq,4,1,dnc,16,31.1208
grid,160,2,102718,160,par_close,0,1,dnc,16,98.3046
grid,160,2,102718,160,par_close,1,1,dnc,16,98.8051
grid,160,2,102718,160,par_close,2,1,dnc,16,98.9116
grid,160,2,102718,160,par_close,3,1,dnc,16,98.3392
grid,160,2,102718,160,par_close,4,1,dnc,16,98.1007
grid,160,2,102718,160,par_close,0,2,dnc,16,98.2950
grid,160,2,102718,160,par_close,1,2,dnc,16,96.9777
grid,160,2,102718,160,par_close,2,2,dnc,16,98.8042
grid,160,2,102718,160,par_close,3,2,dnc,16,98.7996
grid,160,2,102718,160,par_close,4,2,dnc,16,100.2349
grid,160,2,102718,160,par_close,0,4,dnc,16,67.2914
grid,160,2,102718,160,par_close,1,4,dnc,16,69.1130
grid,160,2,102718,160,par_close,2,4,dnc,16,68.4383
grid,160,2,102718,160,par_close,3,4,dnc,16,69.6588
grid,160,2,102718,160,par_close,4,4,dnc,16,68.9023
grid,160,2,102718,160,par_close,0,8,dnc,16,46.7795
grid,160,2,102718,160,par_close,1,8,dnc,16,45.6627
grid,160,2,102718,160,par_close,2,8,dnc,16,45.2440
grid,160,2,102718,160,par_close,3,8,dnc,16,45.8776
grid,160,2,102718,160,par_close,4,8,dnc,16,45.5339
grid,160,2,102718,160,par_close,0,16,dnc,16,35.5628
grid,160,2,102718,160,par_close,1,16,dnc,16,34.8547
grid,160,2,102718,160,par_close,2,16,dnc,16,35.0349
grid,160,2,102718,160,par_close,3,16,dnc,16,34.9308
grid,160,2,102718,160,par_close,4,16,dnc,16,34.5467
grid,160,2,102718,160,par_close,0,32,dnc,16,26.0499
grid,160,2,102718,160,par_close,1,32,dnc,16,27.6133
grid,160,2,102718,160,par_close,2,32,dnc,16,27.1413
grid,160,2,102718,160,par_close,3,32,dnc,16,27.6308
grid,160,2,102718,160,par_close,4,32,dnc,16,27.0373
grid,160,2,102718,160,par_close,0,64,dnc,16,23.8272
grid,160,2,102718,160,par_close,1,64,dnc,16,24.9249
grid,160,2,102718,160,par_close,2,64,dnc,16,25.2762
grid,160,2,102718,160,par_close,3,64,dnc,16,25.5155
grid,160,2,102718,160,par_close,4,64,dnc,16,24.4483
grid,160,2,102718,160,par_close,0,128,dnc,16,34.2854
grid,160,2,102718,160,par_close,1,128,dnc,16,28.1823
grid,160,2,102718,160,par_close,2,128,dnc,16,25.6378
grid,160,2,102718,160,par_close,3,128,dnc,16,25.9866
grid,160,2,102718,160,par_close,4,128,dnc,16,25.7359
grid,165,2,109228,165,nelson_seq,0,1,dnc,16,40.7169
grid,165,2,109228,165,nelson_seq,1,1,dnc,16,33.8311
grid,165,2,109228,165,nelson_seq,2,1,dnc,16,34.1641
grid,165,2,109228,165,nelson_seq,3,1,dnc,16,34.5033
grid,165,2,109228,165,nelson_seq,4,1,dnc,16,35.3870
grid,165,2,109228,165,par_close,0,1,dnc,16,105.9861
grid,165,2,109228,165,par_close,1,1,dnc,16,105.6235
grid,165,2,109228,165,par_close,2,1,dnc,16,105.2683
grid,165,2,109228,165,par_close,3,1,dnc,16,104.2371
grid,165,2,109228,165,par_close,4,1,dnc,16,104.8009
grid,165,2,109228,165,par_close,0,2,dnc,16,94.5474
grid,165,2,109228,165,par_close,1,2,dnc,16,100.2657
grid,165,2,109228,165,par_close,2,2,dnc,16,100.2409
grid,165,2,109228,165,par_close,3,2,dnc,16,98.2869
grid,165,2,109228,165,par_close,4,2,dnc,16,100.6872
grid,165,2,109228,165,par_close,0,4,dnc,16,68.6433
grid,165,2,109228,165,par_close,1,4,dnc,16,68.7781
grid,165,2,109228,165,par_close,2,4,dnc,16,69.2614
grid,165,2,109228,165,par_close,3,4,dnc,16,69.9884
grid,165,2,109228,165,par_close,4,4,dnc,16,69.9784
grid,165,2,109228,165,par_close,0,8,dnc,16,47.6823
grid,165,2,109228,165,par_close,1,8,dnc,16,47.3704
grid,165,2,109228,165,par_close,2,8,dnc,16,47.1171
grid,165,2,109228,165,par_close,3,8,dnc,16,47.5445
grid,165,2,109228,165,par_close,4,8,dnc,16,47.1668
grid,165,2,109228,165,par_close,0,16,dnc,16,34.7498
grid,165,2,109228,165,par_close,1,16,dnc,16,34.9231
grid,165,2,109228,165,par_close,2,16,dnc,16,34.1547
grid,165,2,109228,165,par_close,3,16,dnc,16,34.7450
grid,165,2,109228,165,par_close,4,16,dnc,16,34.5604
grid,165,2,109228,165,par_close,0,32,dnc,16,27.7369
grid,165,2,109228,165,par_close,1,32,dnc,16,26.9926
grid,165,2,109228,165,par_close,2,32,dnc,16,27.0847
grid,165,2,109228,165,par_close,3,32,dnc,16,27.2348
grid,165,2,109228,165,par_close,4,32,dnc,16,27.4480
grid,165,2,109228,165,par_close,0,64,dnc,16,24.7228
grid,165,2,109228,165,par_close,1,64,dnc,16,25.3010
grid,165,2,109228,165,par_close,2,64,dnc,16,25.0534
grid,165,2,109228,165,par_close,3,64,dnc,16,25.6830
grid,165,2,109228,165,par_close,4,64,dnc,16,24.8019
grid,165,2,109228,165,par_close,0,128,dnc,16,38.3456
grid,165,2,109228,165,par_close,1,128,dnc,16,30.5597
grid,165,2,109228,165,par_close,2,128,dnc,16,28.1760
grid,165,2,109228,165,par_close,3,128,dnc,16,28.4757
grid,165,2,109228,165,par_close,4,128,dnc,16,27.5878
grid,170,2,115938,170,nelson_seq,0,1,dnc,16,41.2543
grid,170,2,115938,170,nelson_seq,1,1,dnc,16,38.4878
grid,170,2,115938,170,nelson_seq,2,1,dnc,16,36.7362
grid,170,2,115938,170,nelson_seq,3,1,dnc,16,37.2638
grid,170,2,115938,170,nelson_seq,4,1,dnc,16,39.9611
grid,170,2,115938,170,par_close,0,1,dnc,16,112.2238
grid,170,2,115938,170,par_close,1,1,dnc,16,111.7283
grid,170,2,115938,170,par_close,2,1,dnc,16,111.1578
grid,170,2,115938,170,par_close,3,1,dnc,16,111.8671
grid,170,2,115938,170,par_close,4,1,dnc,16,111.3438
grid,170,2,115938,170,par_close,0,2,dnc,16,103.1619
grid,170,2,115938,170,par_close,1,2,dnc,16,106.8159
grid,170,2,115938,170,par_close,2,2,dnc,16,107.3526
grid,170,2,115938,170,par_close,3,2,dnc,16,106.9999
grid,170,2,115938,170,par_close,4,2,dnc,16,107.6060
grid,170,2,115938,170,par_close,0,4,dnc,16,72.5568
grid,170,2,115938,170,par_close,1,4,dnc,16,72.9531
grid,170,2,115938,170,par_close,2,4,dnc,16,74.9244
grid,170,2,115938,170,par_close,3,4,dnc,16,74.8201
grid,170,2,115938,170,par_close,4,4,dnc,16,74.8661
grid,170,2,115938,170,par_close,0,8,dnc,16,49.1685
grid,170,2,115938,170,par_close,1,8,dnc,16,47.8020
grid,170,2,115938,170,par_close,2,8,dnc,16,48.9674
grid,170,2,115938,170,par_close,3,8,dnc,16,49.2800
grid,170,2,115938,170,par_close,4,8,dnc,16,50.0418
grid,170,2,115938,170,par_close,0,16,dnc,16,35.3559
grid,170,2,115938,170,par_close,1,16,dnc,16,35.5966
grid,170,2,115938,170,par_close,2,16,dnc,16,35.1747
grid,170,2,115938,170,par_close,3,16,dnc,16,35.6271
grid,170,2,115938,170,par_close,4,16,dnc,16,35.2077
grid,170,2,115938,170,par_close,0,32,dnc,16,27.8127
grid,170,2,115938,170,par_close,1,32,dnc,16,28.7546
grid,170,2,115938,170,par_close,2,32,dnc,16,28.5036
grid,170,2,115938,170,par_close,3,32,dnc,16,28.3708
grid,170,2,115938,170,par_close,4,32,dnc,16,28.5961
grid,170,2,115938,170,par_close,0,64,dnc,16,26.0647
grid,170,2,115938,170,par_close,1,64,dnc,16,26.1404
grid,170,2,115938,170,par_close,2,64,dnc,16,26.4095
grid,170,2,115938,170,par_close,3,64,dnc,16,26.2212
grid,170,2,115938,170,par_close,4,64,dnc,16,26.3327
grid,170,2,115938,170,par_close,0,128,dnc,16,33.5133
grid,170,2,115938,170,par_close,1,128,dnc,16,26.3492
grid,170,2,115938,170,par_close,2,128,dnc,16,27.3019
grid,170,2,115938,170,par_close,3,128,dnc,16,24.9003
grid,170,2,115938,170,par_close,4,128,dnc,16,26.2099
grid,175,2,122848,175,nelson_seq,0,1,dnc,16,48.6221
grid,175,2,122848,175,nelson_seq,1,1,dnc,16,40.3782
grid,175,2,122848,175,nelson_seq,2,1,dnc,16,40.4224
grid,175,2,122848,175,nelson_seq,3,1,dnc,16,40.8067
grid,175,2,122848,175,nelson_seq,4,1,dnc,16,41.0040
grid,175,2,122848,175,par_close,0,1,dnc,16,119.6291
grid,175,2,122848,175,par_close,1,1,dnc,16,119.1133
grid,175,2,122848,175,par_close,2,1,dnc,16,119.1590
grid,175,2,122848,175,par_close,3,1,dnc,16,119.8758
grid,175,2,122848,175,par_close,4,1,dnc,16,120.4864
grid,175,2,122848,175,par_close,0,2,dnc,16,116.9083
grid,175,2,122848,175,par_close,1,2,dnc,16,114.3390
grid,175,2,122848,175,par_close,2,2,dnc,16,115.6508
grid,175,2,122848,175,par_close,3,2,dnc,16,117.2522
grid,175,2,122848,175,par_close,4,2,dnc,16,116.6643
grid,175,2,122848,175,par_close,0,4,dnc,16,74.0531
grid,175,2,122848,175,par_close,1,4,dnc,16,74.6307
grid,175,2,122848,175,par_close,2,4,dnc,16,75.8423
grid,175,2,122848,175,par_close,3,4,dnc,16,75.8631
grid,175,2,122848,175,par_close,4,4,dnc,16,75.0678
grid,175,2,122848,175,par_close,0,8,dnc,16,51.6535
grid,175,2,122848,175,par_close,1,8,dnc,16,51.2540
grid,175,2,122848,175,par_close,2,8,dnc,16,51.7885
grid,175,2,122848,175,par_close,3,8,dnc,16,51.6807
grid,175,2,122848,175,par_close,4,8,dnc,16,51.7813
grid,175,2,122848,175,par_close,0,16,dnc,16,38.1063
grid,175,2,122848,175,par_close,1,16,dnc,16,37.3572
grid,175,2,122848,175,par_close,2,16,dnc,16,37.0889
grid,175,2,122848,175,par_close,3,16,dnc,16,36.6355
grid,175,2,122848,175,par_close,4,16,dnc,16,37.5294
grid,175,2,122848,175,par_close,0,32,dnc,16,27.2179
grid,175,2,122848,175,par_close,1,32,dnc,16,29.6031
grid,175,2,122848,175,par_close,2,32,dnc,16,29.9025
grid,175,2,122848,175,par_close,3,32,dnc,16,29.9704
grid,175,2,122848,175,par_close,4,32,dnc,16,29.9214
grid,175,2,122848,175,par_close,0,64,dnc,16,28.2415
grid,175,2,122848,175,par_close,1,64,dnc,16,29.1784
grid,175,2,122848,175,par_close,2,64,dnc,16,28.8037
grid,175,2,122848,175,par_close,3,64,dnc,16,29.1434
grid,175,2,122848,175,par_close,4,64,dnc,16,27.8028
grid,175,2,122848,175,par_close,0,128,dnc,16,35.8147
grid,175,2,122848,175,par_close,1,128,dnc,16,29.2430
grid,175,2,122848,175,par_close,2,128,dnc,16,26.6814
grid,175,2,122848,175,par_close,3,128,dnc,16,28.2789
grid,175,2,122848,175,par_close,4,128,dnc,16,27.3283
grid,180,2,129958,180,nelson_seq,0,1,dnc,16,49.6035
grid,180,2,129958,180,nelson_seq,1,1,dnc,16,43.0051
grid,180,2,129958,180,nelson_seq,2,1,dnc,16,42.7628
grid,180,2,129958,180,nelson_seq,3,1,dnc,16,43.6623
grid,180,2,129958,180,nelson_seq,4,1,dnc,16,42.8734
grid,180,2,129958,180,par_close,0,1,dnc,16,126.5813
grid,180,2,129958,180,par_close,1,1,dnc,16,125.8243
grid,180,2,129958,180,par_close,2,1,dnc,16,126.0531
grid,180,2,129958,180,par_close,3,1,dnc,16,126.6115
grid,180,2,129958,180,par_close,4,1,dnc,16,126.5977
grid,180,2,129958,180,par_close,0,2,dnc,16,113.1178
grid,180,2,129958,180,par_close,1,2,dnc,16,114.5046
grid,180,2,129958,180,par_close,2,2,dnc,16,115.0394
grid,180,2,129958,180,par_close,3,2,dnc,16,117.1521
grid,180,2,129958,180,par_close,4,2,dnc,16,114.5121
grid,180,2,129958,180,par_close,0,4,dnc,16,79.0004
grid,180,2,129958,180,par_close,1,4,dnc,16,80.4447
grid,180,2,129958,180,par_close,2,4,dnc,16,82.2104
grid,180,2,129958,180,par_close,3,4,dnc,16,79.8211
grid,180,2,129958,180,par_close,4,4,dnc,16,81.6877
grid,180,2,129958,180,par_close,0,8,dnc,16,53.8003
grid,180,2,129958,180,par_close,1,8,dnc,16,54.7643
grid,180,2,129958,180,par_close,2,8,dnc,16,53.5937
grid,180,2,129958,180,par_close,3,8,dnc,16,55.5263
grid,180,2,129958,180,par_close,4,8,dnc,16,54.1462
grid,180,2,129958,180,par_close,0,16,dnc,16,39.5899
grid,180,2,129958,180,par_close,1,16,dnc,16,37.3802
grid,180,2,129958,180,par_close,2,16,dnc,16,38.7283
grid,180,2,129958,180,par_close,3,16,dnc,16,39.1959
grid,180,2,129958,180,par_close,4,16,dnc,16,38.7648
grid,180,2,129958,180,par_close,0,32,dnc,16,28.8047
grid,180,2,129958,180,par_close,1,32,dnc,16,30.2084
grid,180,2,129958,180,par_close,2,32,dnc,16,30.5036
grid,180,2,129958,180,par_close,3,32,dnc,16,29.7875
grid,180,2,129958,180,par_close,4,32,dnc,16,29.6445
grid,180,2,129958,180,par_close,0,64,dnc,16,28.0381
grid,180,2,129958,180,par_close,1,64,dnc,16,27.0934
grid,180,2,129958,180,par_close,2,64,dnc,16,27.7428
grid,180,2,129958,180,par_close,3,64,dnc,16,26.9557
grid,180,2,129958,180,par_close,4,64,dnc,16,27.1104
grid,180,2,129958,180,par_close,0,128,dnc,16,38.5188
grid,180,2,129958,180,par_close,1,128,dnc,16,32.7123
grid,180,2,129958,180,par_close,2,128,dnc,16,30.8695
grid,180,2,129958,180,par_close,3,128,dnc,16,29.3408
grid,180,2,129958,180,par_close,4,128,dnc,16,28.5676
grid,185,2,137268,185,nelson_seq,0,1,dnc,16,49.9390
grid,185,2,137268,185,nelson_seq,1,1,dnc,16,44.4811
grid,185,2,137268,185,nelson_seq,2,1,dnc,16,43.7979
grid,185,2,137268,185,nelson_seq,3,1,dnc,16,44.5878
grid,185,2,137268,185,nelson_seq,4,1,dnc,16,44.4258
grid,185,2,137268,185,par_close,0,1,dnc,16,136.1511
grid,185,2,137268,185,par_close,1,1,dnc,16,136.1349
grid,185,2,137268,185,par_close,2,1,dnc,16,135.9585
grid,185,2,137268,185,par_close,3,1,dnc,16,136.3664
grid,185,2,137268,185,par_close,4,1,dnc,16,135.7845
grid,185,2,137268,185,par_close,0,2,dnc,16,121.5674
grid,185,2,137268,185,par_close,1,2,dnc,16,118.7412
grid,185,2,137268,185,par_close,2,2,dnc,16,125.2068
grid,185,2,137268,185,par_close,3,2,dnc,16,122.4044
grid,185,2,137268,185,par_close,4,2,dnc,16,122.3860
grid,185,2,137268,185,par_close,0,4,dnc,16,81.6162
grid,185,2,137268,185,par_close,1,4,dnc,16,84.9677
grid,185,2,137268,185,par_close,2,4,dnc,16,86.8866
grid,185,2,137268,185,par_close,3,4,dnc,16,82.3018
grid,185,2,137268,185,par_close,4,4,dnc,16,85.0146
grid,185,2,137268,185,par_close,0,8,dnc,16,53.3702
grid,185,2,137268,185,par_close,1,8,dnc,16,54.8035
grid,185,2,137268,185,par_close,2,8,dnc,16,53.6626
grid,185,2,137268,185,par_close,3,8,dnc,16,54.0293
grid,185,2,137268,185,par_close,4,8,dnc,16,53.0261
grid,185,2,137268,185,par_close,0,16,dnc,16,37.8546
grid,185,2,137268,185,par_close,1,16,dnc,16,37.3268
grid,185,2,137268,185,par_close,2,16,dnc,16,36.5245
grid,185,2,137268,185,par_close,3,16,dnc,16,36.3329
grid,185,2,137268,185,par_close,4,16,dnc,16,37.5174
grid,185,2,137268,185,par_close,0,32,dnc,16,28.1484
grid,185,2,137268,185,par_close,1,32,dnc,16,28.0315
grid,185,2,137268,185,par_close,2,32,dnc,16,28.2756
grid,185,2,137268,185,par_close,3,32,dnc,16,27.5232
grid,185,2,137268,185,par_close,4,32,dnc,16,28.6457
grid,185,2,137268,185,par_close,0,64,dnc,16,23.1437
grid,185,2,137268,185,par_close,1,64,dnc,16,22.5990
grid,185,2,137268,185,par_close,2,64,dnc,16,24.1229
grid,185,2,137268,185,par_close,3,64,dnc,16,23.2697
grid,185,2,137268,185,par_close,4,64,dnc,16,22.1579
grid,185,2,137268,185,par_close,0,128,dnc,16,31.4228
grid,185,2,137268,185,par_close,1,128,dnc,16,25.2642
grid,185,2,137268,185,par_close,2,128,dnc,16,26.8510
grid,185,2,137268,185,par_close,3,128,dnc,16,24.7102
grid,185,2,137268,185,par_close,4,128,dnc,16,25.9347
grid,190,2,144778,190,nelson_seq,0,1,dnc,16,52.6646
grid,190,2,144778,190,nelson_seq,1,1,dnc,16,46.6719
grid,190,2,144778,190,nelson_seq,2,1,dnc,16,46.5880
grid,190,2,144778,190,nelson_seq,3,1,dnc,16,47.3884
grid,190,2,144778,190,nelson_seq,4,1,dnc,16,48.3450
grid,190,2,144778,190,par_close,0,1,dnc,16,144.8284
grid,190,2,144778,190,par_close,1,1,dnc,16,144.6271
grid,190,2,144778,190,par_close,2,1,dnc,16,145.9569
grid,190,2,144778,190,par_close,3,1,dnc,16,146.6036
grid,190,2,144778,190,par_close,4,1,dnc,16,144.3027
grid,190,2,144778,190,par_close,0,2,dnc,16,131.4337
grid,190,2,144778,190,par_close,1,2,dnc,16,129.3087
grid,190,2,144778,190,par_close,2,2,dnc,16,127.0020
grid,190,2,144778,190,par_close,3,2,dnc,16,126.3833
grid,190,2,144778,190,par_close,4,2,dnc,16,131.5611
grid,190,2,144778,190,par_close,0,4,dnc,16,87.0077
grid,190,2,144778,190,par_close,1,4,dnc,16,86.0222
grid,190,2,144778,190,par_close,2,4,dnc,16,92.4342
grid,190,2,144778,190,par_close,3,4,dnc,16,88.5268
grid,190,2,144778,190,par_close,4,4,dnc,16,87.4804
grid,190,2,144778,190,par_close,0,8,dnc,16,56.8667
grid,190,2,144778,190,par_close,1,8,dnc,16,57.1614
grid,190,2,144778,190,par_close,2,8,dnc,16,59.2101
grid,190,2,144778,190,par_close,3,8,dnc,16,57.2846
grid,190,2,144778,190,par_close,4,8,dnc,16,57.0371
grid,190,2,144778,190,par_close,0,16,dnc,16,37.7559
grid,190,2,144778,190,par_close,1,16,dnc,16,39.3005
grid,190,2,144778,190,par_close,2,16,dnc,16,40.1272
grid,190,2,144778,190,par_close,3,16,dnc,16,38.9653
grid,190,2,144778,190,par_close,4,16,dnc,16,39.4882
grid,190,2,144778,190,par_close,0,32,dnc,16,28.7053
grid,190,2,144778,190,par_close,1,32,dnc,16,29.9735
grid,190,2,144778,190,par_close,2,32,dnc,16,29.8412
grid,190,2,144778,190,par_close,3,32,dnc,16,28.8691
grid,190,2,144778,190,par_close,4,32,dnc,16,29.2922
grid,190,2,144778,190,par_close,0,64,dnc,16,24.1150
grid,190,2,144778,190,par_close,1,64,dnc,16,24.1015
grid,190,2,144778,190,par_close,2,64,dnc,16,23.9473
grid,190,2,144778,190,par_close,3,64,dnc,16,23.0694
grid,190,2,144778,190,par_close,4,64,dnc,16,24.4542
grid,190,2,144778,190,par_close,0,128,dnc,16,29.5422
grid,190,2,144778,190,par_close,1,128,dnc,16,28.1600
grid,190,2,144778,190,par_close,2,128,dnc,16,30.1146
grid,190,2,144778,190,par_close,3,128,dnc,16,26.9182
grid,190,2,144778,190,par_close,4,128,dnc,16,26.6234
grid,195,2,152488,195,nelson_seq,0,1,dnc,16,53.6670
grid,195,2,152488,195,nelson_seq,1,1,dnc,16,51.0523
grid,195,2,152488,195,nelson_seq,2,1,dnc,16,52.6066
grid,195,2,152488,195,nelson_seq,3,1,dnc,16,52.9229
grid,195,2,152488,195,nelson_seq,4,1,dnc,16,52.2549
grid,195,2,152488,195,par_close,0,1,dnc,16,152.3675
grid,195,2,152488,195,par_close,1,1,dnc,16,150.7224
grid,195,2,152488,195,par_close,2,1,dnc,16,151.4339
grid,195,2,152488,195,par_close,3,1,dnc,16,151.2296
grid,195,2,152488,195,par_close,4,1,dnc,16,151.9672
grid,195,2,152488,195,par_close,0,2,dnc,16,136.1045
grid,195,2,152488,195,par_close,1,2,dnc,16,131.8468
grid,195,2,152488,195,par_close,2,2,dnc,16,135.7304
grid,195,2,152488,195,par_close,3,2,dnc,16,137.8323
grid,195,2,152488,195,par_close,4,2,dnc,16,134.6625
grid,195,2,152488,195,par_close,0,4,dnc,16,93.7888
grid,195,2,152488,195,par_close,1,4,dnc,16,92.5489
grid,195,2,152488,195,par_close,2,4,dnc,16,94.0246
grid,195,2,152488,195,par_close,3,4,dnc,16,95.9354
grid,195,2,152488,195,par_close,4,4,dnc,16,93.0511
grid,195,2,152488,195,par_close,0,8,dnc,16,59.5222
grid,195,2,152488,195,par_close,1,8,dnc,16,60.0368
grid,195,2,152488,195,par_close,2,8,dnc,16,59.9860
grid,195,2,152488,195,par_close,3,8,dnc,16,60.2232
grid,195,2,152488,195,par_close,4,8,dnc,16,60.7656
grid,195,2,152488,195,par_close,0,16,dnc,16,39.0157
grid,195,2,152488,195,par_close,1,16,dnc,16,39.6155
grid,195,2,152488,195,par_close,2,16,dnc,16,40.6143
grid,195,2,152488,195,par_close,3,16,dnc,16,40.3625
grid,195,2,152488,195,par_close,4,16,dnc,16,39.7856
grid,195,2,152488,195,par_close,0,32,dnc,16,27.7864
grid,195,2,152488,195,par_close,1,32,dnc,16,29.2112
grid,195,2,152488,195,par_close,2,32,dnc,16,29.4110
grid,195,2,152488,195,par_close,3,32,dnc,16,29.6372
grid,195,2,152488,195,par_close,4,32,dnc,16,29.1613
grid,195,2,152488,195,par_close,0,64,dnc,16,26.0589
grid,195,2,152488,195,par_close,1,64,dnc,16,24.6291
grid,195,2,152488,195,par_close,2,64,dnc,16,24.9595
grid,195,2,152488,195,par_close,3,64,dnc,16,23.9441
grid,195,2,152488,195,par_close,4,64,dnc,16,26.1399
grid,195,2,152488,195,par_close,0,128,dnc,16,28.9666
grid,195,2,152488,195,par_close,1,128,dnc,16,28.7987
grid,195,2,152488,195,par_close,2,128,dnc,16,28.6163
grid,195,2,152488,195,par_close,3,128,dnc,16,26.3938
grid,195,2,152488,195,par_close,4,128,dnc,16,27.5228
grid,200,2,160398,200,nelson_seq,0,1,dnc,16,60.7707
grid,200,2,160398,200,nelson_seq,1,1,dnc,16,56.0228
grid,200,2,160398,200,nelson_seq,2,1,dnc,16,58.3142
grid,200,2,160398,200,nelson_seq,3,1,dnc,16,58.6013
grid,200,2,160398,200,nelson_seq,4,1,dnc,16,56.8813
grid,200,2,160398,200,par_close,0,1,dnc,16,165.0820
grid,200,2,160398,200,par_close,1,1,dnc,16,164.8497
grid,200,2,160398,200,par_close,2,1,dnc,16,164.7927
grid,200,2,160398,200,par_close,3,1,dnc,16,164.0572
grid,200,2,160398,200,par_close,4,1,dnc,16,166.3398
grid,200,2,160398,200,par_close,0,2,dnc,16,144.4063
grid,200,2,160398,200,par_close,1,2,dnc,16,142.8420
grid,200,2,160398,200,par_close,2,2,dnc,16,141.9023
grid,200,2,160398,200,par_close,3,2,dnc,16,140.9643
grid,200,2,160398,200,par_close,4,2,dnc,16,144.4191
grid,200,2,160398,200,par_close,0,4,dnc,16,98.3710
grid,200,2,160398,200,par_close,1,4,dnc,16,97.3845
grid,200,2,160398,200,par_close,2,4,dnc,16,96.4657
grid,200,2,160398,200,par_close,3,4,dnc,16,99.0531
grid,200,2,160398,200,par_close,4,4,dnc,16,98.8499
grid,200,2,160398,200,par_close,0,8,dnc,16,63.8033
grid,200,2,160398,200,par_close,1,8,dnc,16,62.9407
grid,200,2,160398,200,par_close,2,8,dnc,16,62.4256
grid,200,2,160398,200,par_close,3,8,dnc,16,63.8563
grid,200,2,160398,200,par_close,4,8,dnc,16,63.3146
grid,200,2,160398,200,par_close,0,16,dnc,16,42.5770
grid,200,2,160398,200,par_close,1,16,dnc,16,43.9333
grid,200,2,160398,200,par_close,2,16,dnc,16,42.0381
grid,200,2,160398,200,par_close,3,16,dnc,16,43.9713
grid,200,2,160398,200,par_close,4,16,dnc,16,43.0001
grid,200,2,160398,200,par_close,0,32,dnc,16,29.1596
grid,200,2,160398,200,par_close,1,32,dnc,16,30.8157
grid,200,2,160398,200,par_close,2,32,dnc,16,30.4068
grid,200,2,160398,200,par_close,3,32,dnc,16,30.8773
grid,200,2,160398,200,par_close,4,32,dnc,16,30.7929
grid,200,2,160398,200,par_close,0,64,dnc,16,26.4566
grid,200,2,160398,200,par_close,1,64,dnc,16,25.7815
grid,200,2,160398,200,par_close,2,64,dnc,16,25.4413
grid,200,2,160398,200,par_close,3,64,dnc,16,25.5049
grid,200,2,160398,200,par_close,4,64,dnc,16,25.7372
grid,200,2,160398,200,par_close,0,128,dnc,16,37.3575
grid,200,2,160398,200,par_close,1,128,dnc,16,28.3525
grid,200,2,160398,200,par_close,2,128,dnc,16,28.5590
grid,200,2,160398,200,par_close,3,128,dnc,16,26.3305
grid,200,2,160398,200,par_close,4,128,dnc,16,27.0815
cube,110,2,5324218,110,nelson_seq,0,1,dnc,16,5920.0522
cube,110,2,5324218,110,nelson_seq,1,1,dnc,16,5431.1333
cube,110,2,5324218,110,nelson_seq,2,1,dnc,16,5578.7236
cube,110,2,5324218,110,nelson_seq,3,1,dnc,16,5632.4802
cube,110,2,5324218,110,nelson_seq,4,1,dnc,16,5641.3420
cube,110,2,5324218,110,par_close,0,1,dnc,16,10664.6857
cube,110,2,5324218,110,par_close,1,1,dnc,16,10669.7657
cube,110,2,5324218,110,par_close,2,1,dnc,16,10684.8983
cube,110,2,5324218,110,par_close,3,1,dnc,16,10568.2005
cube,110,2,5324218,110,par_close,4,1,dnc,16,10634.6920
cube,110,2,5324218,110,par_close,0,2,dnc,16,5985.7713
cube,110,2,5324218,110,par_close,1,2,dnc,16,5954.1004
cube,110,2,5324218,110,par_close,2,2,dnc,16,6035.3611
cube,110,2,5324218,110,par_close,3,2,dnc,16,6041.8029
cube,110,2,5324218,110,par_close,4,2,dnc,16,6063.1649
cube,110,2,5324218,110,par_close,0,4,dnc,16,3225.9833
cube,110,2,5324218,110,par_close,1,4,dnc,16,3461.3961
cube,110,2,5324218,110,par_close,2,4,dnc,16,3560.0267
cube,110,2,5324218,110,par_close,3,4,dnc,16,3553.7595
cube,110,2,5324218,110,par_close,4,4,dnc,16,3600.2823
cube,110,2,5324218,110,par_close,0,8,dnc,16,1650.3237
cube,110,2,5324218,110,par_close,1,8,dnc,16,1658.7659
cube,110,2,5324218,110,par_close,2,8,dnc,16,1650.4043
cube,110,2,5324218,110,par_close,3,8,dnc,16,1654.8314
cube,110,2,5324218,110,par_close,4,8,dnc,16,1658.2883
cube,110,2,5324218,110,par_close,0,16,dnc,16,902.5598
cube,110,2,5324218,110,par_close,1,16,dnc,16,902.9230
cube,110,2,5324218,110,par_close,2,16,dnc,16,910.8221
cube,110,2,5324218,110,par_close,3,16,dnc,16,921.2897
cube,110,2,5324218,110,par_close,4,16,dnc,16,914.5393
cube,110,2,5324218,110,par_close,0,32,dnc,16,505.2587
cube,110,2,5324218,110,par_close,1,32,dnc,16,508.9715
cube,110,2,5324218,110,par_close,2,32,dnc,16,518.8047
cube,110,2,5324218,110,par_close,3,32,dnc,16,524.8660
cube,110,2,5324218,110,par_close,4,32,dnc,16,528.6724
cube,110,2,5324218,110,par_close,0,64,dnc,16,324.6081
cube,110,2,5324218,110,par_close,1,64,dnc,16,330.6392
cube,110,2,5324218,110,par_close,2,64,dnc,16,336.4574
cube,110,2,5324218,110,par_close,3,64,dnc,16,341.8821
cube,110,2,5324218,110,par_close,4,64,dnc,16,341.5491
cube,110,2,5324218,110,par_close,0,128,dnc,16,297.8309
cube,110,2,5324218,110,par_close,1,128,dnc,16,288.2093
cube,110,2,5324218,110,par_close,2,128,dnc,16,279.4106
cube,110,2,5324218,110,par_close,3,128,dnc,16,295.4204
cube,110,2,5324218,110,par_close,4,128,dnc,16,284.3125
cube,115,2,6083728,115,nelson_seq,0,1,dnc,16,6948.3808
cube,115,2,6083728,115,nelson_seq,1,1,dnc,16,6315.2257
cube,115,2,6083728,115,nelson_seq,2,1,dnc,16,6454.5556
cube,115,2,6083728,115,nelson_seq,3,1,dnc,16,6505.6322
cube,115,2,6083728,115,nelson_seq,4,1,dnc,16,6523.3909
cube,115,2,6083728,115,par_close,0,1,dnc,16,12450.5910
cube,115,2,6083728,115,par_close,1,1,dnc,16,12431.3324
cube,115,2,6083728,115,par_close,2,1,dnc,16,12453.0554
cube,115,2,6083728,115,par_close,3,1,dnc,16,12367.6918
cube,115,2,6083728,115,par_close,4,1,dnc,16,12384.2478
cube,115,2,6083728,115,par_close,0,2,dnc,16,6983.3379
cube,115,2,6083728,115,par_close,1,2,dnc,16,6948.9083
cube,115,2,6083728,115,par_close,2,2,dnc,16,6996.1248
cube,115,2,6083728,115,par_close,3,2,dnc,16,7030.2443
cube,115,2,6083728,115,par_close,4,2,dnc,16,7068.2623
cube,115,2,6083728,115,par_close,0,4,dnc,16,3762.3640
cube,115,2,6083728,115,par_close,1,4,dnc,16,3725.2635
cube,115,2,6083728,115,par_close,2,4,dnc,16,3868.6891
cube,115,2,6083728,115,par_close,3,4,dnc,16,3960.3917
cube,115,2,6083728,115,par_close,4,4,dnc,16,3980.0801
cube,115,2,6083728,115,par_close,0,8,dnc,16,1912.2945
cube,115,2,6083728,115,par_close,1,8,dnc,16,1932.1989
cube,115,2,6083728,115,par_close,2,8,dnc,16,2010.0181
cube,115,2,6083728,115,par_close,3,8,dnc,16,2001.4401
cube,115,2,6083728,115,par_close,4,8,dnc,16,2011.7082
cube,115,2,6083728,115,par_close,0,16,dnc,16,1039.0699
cube,115,2,6083728,115,par_close,1,16,dnc,16,1036.6432
cube,115,2,6083728,115,par_close,2,16,dnc,16,1044.4203
cube,115,2,6083728,115,par_close,3,16,dnc,16,1038.1689
cube,115,2,6083728,115,par_close,4,16,dnc,16,1058.1191
cube,115,2,6083728,115,par_close,0,32,dnc,16,584.6353
cube,115,2,6083728,115,par_close,1,32,dnc,16,587.4266
cube,115,2,6083728,115,par_close,2,32,dnc,16,597.5071
cube,115,2,6083728,115,par_close,3,32,dnc,16,593.0163
cube,115,2,6083728,115,par_close,4,32,dnc,16,608.6319
cube,115,2,6083728,115,par_close,0,64,dnc,16,400.5538
cube,115,2,6083728,115,par_close,1,64,dnc,16,409.3355
cube,115,2,6083728,115,par_close,2,64,dnc,16,415.3883
cube,115,2,6083728,115,par_close,3,64,dnc,16,406.9437
cube,115,2,6083728,115,par_close,4,64,dnc,16,422.1747
cube,115,2,6083728,115,par_close,0,128,dnc,16,339.9266
cube,115,2,6083728,115,par_close,1,128,dnc,16,323.4162
cube,115,2,6083728,115,par_close,2,128,dnc,16,316.5653
cube,115,2,6083728,115,par_close,3,128,dnc,16,324.7542
cube,115,2,6083728,115,par_close,4,128,dnc,16,318.2109
cube,120,2,6912238,120,nelson_seq,0,1,dnc,16,7398.1151
cube,120,2,6912238,120,nelson_seq,1,1,dnc,16,6838.4898
cube,120,2,6912238,120,nelson_seq,2,1,dnc,16,6942.1571
cube,120,2,6912238,120,nelson_seq,3,1,dnc,16,7085.3446
cube,120,2,6912238,120,nelson_seq,4,1,dnc,16,7157.1258
cube,120,2,6912238,120,par_close,0,1,dnc,16,13955.1189
cube,120,2,6912238,120,par_close,1,1,dnc,16,13970.0837
cube,120,2,6912238,120,par_close,2,1,dnc,16,13982.1706
cube,120,2,6912238,120,par_close,3,1,dnc,16,13872.4286
cube,120,2,6912238,120,par_close,4,1,dnc,16,13929.7516
cube,120,2,6912238,120,par_close,0,2,dnc,16,7771.8710
cube,120,2,6912238,120,par_close,1,2,dnc,16,7649.8655
cube,120,2,6912238,120,par_close,2,2,dnc,16,7731.5300
cube,120,2,6912238,120,par_close,3,2,dnc,16,7753.0761
cube,120,2,6912238,120,par_close,4,2,dnc,16,7795.8211
cube,120,2,6912238,120,par_close,0,4,dnc,16,4136.6762
cube,120,2,6912238,120,par_close,1,4,dnc,16,4149.7283
cube,120,2,6912238,120,par_close,2,4,dnc,16,4184.4663
cube,120,2,6912238,120,par_close,3,4,dnc,16,4176.3734
cube,120,2,6912238,120,par_close,4,4,dnc,16,4201.3359
cube,120,2,6912238,120,par_close,0,8,dnc,16,2091.0278
cube,120,2,6912238,120,par_close,1,8,dnc,16,2094.5236
cube,120,2,6912238,120,par_close,2,8,dnc,16,2110.6087
cube,120,2,6912238,120,par_close,3,8,dnc,16,2110.9152
cube,120,2,6912238,120,par_close,4,8,dnc,16,2112.4561
cube,120,2,6912238,120,par_close,0,16,dnc,16,1157.6353
cube,120,2,6912238,120,par_close,1,16,dnc,16,1159.5553
cube,120,2,6912238,120,par_close,2,16,dnc,16,1176.8228
cube,120,2,6912238,120,par_close,3,16,dnc,16,1176.9590
cube,120,2,6912238,120,par_close,4,16,dnc,16,1196.2007
cube,120,2,6912238,120,par_close,0,32,dnc,16,621.2601
cube,120,2,6912238,120,par_close,1,32,dnc,16,636.0841
cube,120,2,6912238,120,par_close,2,32,dnc,16,647.2935
cube,120,2,6912238,120,par_close,3,32,dnc,16,656.0652
cube,120,2,6912238,120,par_close,4,32,dnc,16,657.4585
cube,120,2,6912238,120,par_close,0,64,dnc,16,406.6127
cube,120,2,6912238,120,par_close,1,64,dnc,16,417.6480
cube,120,2,6912238,120,par_close,2,64,dnc,16,425.4141
cube,120,2,6912238,120,par_close,3,64,dnc,16,431.7751
cube,120,2,6912238,120,par_close,4,64,dnc,16,438.8231
cube,120,2,6912238,120,par_close,0,128,dnc,16,347.1303
cube,120,2,6912238,120,par_close,1,128,dnc,16,355.1529
cube,120,2,6912238,120,par_close,2,128,dnc,16,353.4170
cube,120,2,6912238,120,par_close,3,128,dnc,16,391.5375
cube,120,2,6912238,120,par_close,4,128,dnc,16,363.8929
cube,125,2,7812748,125,nelson_seq,0,1,dnc,16,9207.2175
cube,125,2,7812748,125,nelson_seq,1,1,dnc,16,8315.3855
cube,125,2,7812748,125,nelson_seq,2,1,dnc,16,8524.3903
cube,125,2,7812748,125,nelson_seq,3,1,dnc,16,8617.6992
cube,125,2,7812748,125,nelson_seq,4,1,dnc,16,8652.5041
cube,125,2,7812748,125,par_close,0,1,dnc,16,15946.1821
cube,125,2,7812748,125,par_close,1,1,dnc,16,15971.6461
cube,125,2,7812748,125,par_close,2,1,dnc,16,15964.9124
cube,125,2,7812748,125,par_close,3,1,dnc,16,15812.8962
cube,125,2,7812748,125,par_close,4,1,dnc,16,15977.8825
cube,125,2,7812748,125,par_close,0,2,dnc,16,8869.5546
cube,125,2,7812748,125,par_close,1,2,dnc,16,8737.5925
cube,125,2,7812748,125,par_close,2,2,dnc,16,8805.1409
cube,125,2,7812748,125,par_close,3,2,dnc,16,8831.0124
cube,125,2,7812748,125,par_close,4,2,dnc,16,8857.4371
cube,125,2,7812748,125,par_close,0,4,dnc,16,4793.0644
cube,125,2,7812748,125,par_close,1,4,dnc,16,5027.8068
cube,125,2,7812748,125,par_close,2,4,dnc,16,5101.2824
cube,125,2,7812748,125,par_close,3,4,dnc,16,5082.2594
cube,125,2,7812748,125,par_close,4,4,dnc,16,5120.3016
cube,125,2,7812748,125,par_close,0,8,dnc,16,2521.4184
cube,125,2,7812748,125,par_close,1,8,dnc,16,2544.3787
cube,125,2,7812748,125,par_close,2,8,dnc,16,2578.5069
cube,125,2,7812748,125,par_close,3,8,dnc,16,2572.7504
cube,125,2,7812748,125,par_close,4,8,dnc,16,2602.0462
cube,125,2,7812748,125,par_close,0,16,dnc,16,1279.3302
cube,125,2,7812748,125,par_close,1,16,dnc,16,1274.4854
cube,125,2,7812748,125,par_close,2,16,dnc,16,1284.5298
cube,125,2,7812748,125,par_close,3,16,dnc,16,1309.7107
cube,125,2,7812748,125,par_close,4,16,dnc,16,1306.7010
cube,125,2,7812748,125,par_close,0,32,dnc,16,706.3385
cube,125,2,7812748,125,par_close,1,32,dnc,16,725.3009
cube,125,2,7812748,125,par_close,2,32,dnc,16,738.3703
cube,125,2,7812748,125,par_close,3,32,dnc,16,747.2712
cube,125,2,7812748,125,par_close,4,32,dnc,16,768.5108
cube,125,2,7812748,125,par_close,0,64,dnc,16,468.8232
cube,125,2,7812748,125,par_close,1,64,dnc,16,470.4567
cube,125,2,7812748,125,par_close,2,64,dnc,16,481.0672
cube,125,2,7812748,125,par_close,3,64,dnc,16,489.4853
cube,125,2,7812748,125,par_close,4,64,dnc,16,483.7733
cube,125,2,7812748,125,par_close,0,128,dnc,16,383.2512
cube,125,2,7812748,125,par_close,1,128,dnc,16,385.8913
cube,125,2,7812748,125,par_close,2,128,dnc,16,393.6055
cube,125,2,7812748,125,par_close,3,128,dnc,16,393.7315
cube,125,2,7812748,125,par_close,4,128,dnc,16,391.0415
cube,130,2,8788258,130,nelson_seq,0,1,dnc,16,10166.6013
cube,130,2,8788258,130,nelson_seq,1,1,dnc,16,10421.0073
cube,130,2,8788258,130,nelson_seq,2,1,dnc,16,9390.3903
cube,130,2,8788258,130,nelson_seq,3,1,dnc,16,9703.3398
cube,130,2,8788258,130,nelson_seq,4,1,dnc,16,9737.6620
cube,130,2,8788258,130,par_close,0,1,dnc,16,18200.5797
cube,130,2,8788258,130,par_close,1,1,dnc,16,18232.4047
cube,130,2,8788258,130,par_close,2,1,dnc,16,18228.0789
cube,130,2,8788258,130,par_close,3,1,dnc,16,18042.5037
cube,130,2,8788258,130,par_close,4,1,dnc,16,18224.8048
cube,130,2,8788258,130,par_close,0,2,dnc,16,9830.9393
cube,130,2,8788258,130,par_close,1,2,dnc,16,9774.0293
cube,130,2,8788258,130,par_close,2,2,dnc,16,9889.7155
cube,130,2,8788258,130,par_close,3,2,dnc,16,9880.7636
cube,130,2,8788258,130,par_close,4,2,dnc,16,9953.1406
cube,130,2,8788258,130,par_close,0,4,dnc,16,5746.6482
cube,130,2,8788258,130,par_close,1,4,dnc,16,5791.2046
cube,130,2,8788258,130,par_close,2,4,dnc,16,5865.1964
cube,130,2,8788258,130,par_close,3,4,dnc,16,5851.2061
cube,130,2,8788258,130,par_close,4,4,dnc,16,5894.6702
cube,130,2,8788258,130,par_close,0,8,dnc,16,2843.7529
cube,130,2,8788258,130,par_close,1,8,dnc,16,2891.7465
cube,130,2,8788258,130,par_close,2,8,dnc,16,2927.2481
cube,130,2,8788258,130,par_close,3,8,dnc,16,2921.6316
cube,130,2,8788258,130,par_close,4,8,dnc,16,2930.4649
cube,130,2,8788258,130,par_close,0,16,dnc,16,1422.7711
cube,130,2,8788258,130,par_close,1,16,dnc,16,1448.4558
cube,130,2,8788258,130,par_close,2,16,dnc,16,1490.2004
cube,130,2,8788258,130,par_close,3,16,dnc,16,1494.9057
cube,130,2,8788258,130,par_close,4,16,dnc,16,1488.5323
cube,130,2,8788258,130,par_close,0,32,dnc,16,806.9676
cube,130,2,8788258,130,par_close,1,32,dnc,16,822.4688
cube,130,2,8788258,130,par_close,2,32,dnc,16,835.8636
cube,130,2,8788258,130,par_close,3,32,dnc,16,841.9431
cube,130,2,8788258,130,par_close,4,32,dnc,16,850.6984
cube,130,2,8788258,130,par_close,0,64,dnc,16,563.1816
cube,130,2,8788258,130,par_close,1,64,dnc,16,573.9387
cube,130,2,8788258,130,par_close,2,64,dnc,16,575.3183
cube,130,2,8788258,130,par_close,3,64,dnc,16,567.6386
cube,130,2,8788258,130,par_close,4,64,dnc,16,573.5420
cube,130,2,8788258,130,par_close,0,128,dnc,16,453.3823
cube,130,2,8788258,130,par_close,1,128,dnc,16,428.9819
cube,130,2,8788258,130,par_close,2,128,dnc,16,447.1349
cube,130,2,8788258,130,par_close,3,128,dnc,16,430.9458
cube,130,2,8788258,130,par_close,4,128,dnc,16,438.5193
cube,135,2,9841768,135,nelson_seq,0,1,dnc,16,11539.3269
cube,135,2,9841768,135,nelson_seq,1,1,dnc,16,11870.9709
cube,135,2,9841768,135,nelson_seq,2,1,dnc,16,10772.4220
cube,135,2,9841768,135,nelson_seq,3,1,dnc,16,10897.0412
cube,135,2,9841768,135,nelson_seq,4,1,dnc,16,10908.6293
cube,135,2,9841768,135,par_close,0,1,dnc,16,21087.5490
cube,135,2,9841768,135,par_close,1,1,dnc,16,21061.8880
cube,135,2,9841768,135,par_close,2,1,dnc,16,21059.0215
cube,135,2,9841768,135,par_close,3,1,dnc,16,20903.7429
cube,135,2,9841768,135,par_close,4,1,dnc,16,21031.5730
cube,135,2,9841768,135,par_close,0,2,dnc,16,11491.2203
cube,135,2,9841768,135,par_close,1,2,dnc,16,11505.9280
cube,135,2,9841768,135,par_close,2,2,dnc,16,11692.7804
cube,135,2,9841768,135,par_close,3,2,dnc,16,11647.8401
cube,135,2,9841768,135,par_close,4,2,dnc,16,11709.9728
cube,135,2,9841768,135,par_close,0,4,dnc,16,6556.7971
cube,135,2,9841768,135,par_close,1,4,dnc,16,6628.5636
cube,135,2,9841768,135,par_close,2,4,dnc,16,6725.3767
cube,135,2,9841768,135,par_close,3,4,dnc,16,6735.9262
cube,135,2,9841768,135,par_close,4,4,dnc,16,6763.0899
cube,135,2,9841768,135,par_close,0,8,dnc,16,3252.0731
cube,135,2,9841768,135,par_close,1,8,dnc,16,3313.3741
cube,135,2,9841768,135,par_close,2,8,dnc,16,3361.6786
cube,135,2,9841768,135,par_close,3,8,dnc,16,3354.5468
cube,135,2,9841768,135,par_close,4,8,dnc,16,3381.7943
cube,135,2,9841768,135,par_close,0,16,dnc,16,1641.9677
cube,135,2,9841768,135,par_close,1,16,dnc,16,1645.9883
cube,135,2,9841768,135,par_close,2,16,dnc,16,1662.7837
cube,135,2,9841768,135,par_close,3,16,dnc,16,1666.1289
cube,135,2,9841768,135,par_close,4,16,dnc,16,1667.6424
cube,135,2,9841768,135,par_close,0,32,dnc,16,912.9162
cube,135,2,9841768,135,par_close,1,32,dnc,16,929.1965
cube,135,2,9841768,135,par_close,2,32,dnc,16,944.2758
cube,135,2,9841768,135,par_close,3,32,dnc,16,956.7410
cube,135,2,9841768,135,par_close,4,32,dnc,16,975.2526
cube,135,2,9841768,135,par_close,0,64,dnc,16,615.0820
cube,135,2,9841768,135,par_close,1,64,dnc,16,626.2802
cube,135,2,9841768,135,par_close,2,64,dnc,16,620.8145
cube,135,2,9841768,135,par_close,3,64,dnc,16,615.5872
cube,135,2,9841768,135,par_close,4,64,dnc,16,622.9893
cube,135,2,9841768,135,par_close,0,128,dnc,16,502.3283
cube,135,2,9841768,135,par_close,1,128,dnc,16,499.0212
cube,135,2,9841768,135,par_close,2,128,dnc,16,485.0105
cube,135,2,9841768,135,par_close,3,128,dnc,16,508.0014
cube,135,2,9841768,135,par_close,4,128,dnc,16,498.3021
cube,140,2,10976278,140,nelson_seq,0,1,dnc,16,13265.0235
cube,140,2,10976278,140,nelson_seq,1,1,dnc,16,13517.8744
cube,140,2,10976278,140,nelson_seq,2,1,dnc,16,12485.7212
cube,140,2,10976278,140,nelson_seq,3,1,dnc,16,12600.3430
cube,140,2,10976278,140,nelson_seq,4,1,dnc,16,12671.9350
cube,140,2,10976278,140,par_close,0,1,dnc,16,23679.9095
cube,140,2,10976278,140,par_close,1,1,dnc,16,23677.6633
cube,140,2,10976278,140,par_close,2,1,dnc,16,23692.1412
cube,140,2,10976278,140,par_close,3,1,dnc,16,23587.8054
cube,140,2,10976278,140,par_close,4,1,dnc,16,23582.7991
cube,140,2,10976278,140,par_close,0,2,dnc,16,12903.0380
cube,140,2,10976278,140,par_close,1,2,dnc,16,12922.6377
cube,140,2,10976278,140,par_close,2,2,dnc,16,13069.5218
cube,140,2,10976278,140,par_close,3,2,dnc,16,13058.7271
cube,140,2,10976278,140,par_close,4,2,dnc,16,13080.7264
cube,140,2,10976278,140,par_close,0,4,dnc,16,7335.5689
cube,140,2,10976278,140,par_close,1,4,dnc,16,7389.8821
cube,140,2,10976278,140,par_close,2,4,dnc,16,7515.9970
cube,140,2,10976278,140,par_close,3,4,dnc,16,7486.3674
cube,140,2,10976278,140,par_close,4,4,dnc,16,7560.6760
cube,140,2,10976278,140,par_close,0,8,dnc,16,3390.4979
cube,140,2,10976278,140,par_close,1,8,dnc,16,3405.1407
cube,140,2,10976278,140,par_close,2,8,dnc,16,3432.9989
cube,140,2,10976278,140,par_close,3,8,dnc,16,3423.6596
cube,140,2,10976278,140,par_close,4,8,dnc,16,3654.6117
cube,140,2,10976278,140,par_close,0,16,dnc,16,1815.2200
cube,140,2,10976278,140,par_close,1,16,dnc,16,1838.1973
cube,140,2,10976278,140,par_close,2,16,dnc,16,1834.8227
cube,140,2,10976278,140,par_close,3,16,dnc,16,1833.5620
cube,140,2,10976278,140,par_close,4,16,dnc,16,1843.6805
cube,140,2,10976278,140,par_close,0,32,dnc,16,1010.5884
cube,140,2,10976278,140,par_close,1,32,dnc,16,1032.1192
cube,140,2,10976278,140,par_close,2,32,dnc,16,1073.2144
cube,140,2,10976278,140,par_close,3,32,dnc,16,1066.6213
cube,140,2,10976278,140,par_close,4,32,dnc,16,1068.7705
cube,140,2,10976278,140,par_close,0,64,dnc,16,663.2767
cube,140,2,10976278,140,par_close,1,64,dnc,16,705.0668
cube,140,2,10976278,140,par_close,2,64,dnc,16,704.4277
cube,140,2,10976278,140,par_close,3,64,dnc,16,704.4899
cube,140,2,10976278,140,par_close,4,64,dnc,16,710.3282
cube,140,2,10976278,140,par_close,0,128,dnc,16,555.8618
cube,140,2,10976278,140,par_close,1,128,dnc,16,555.5080
cube,140,2,10976278,140,par_close,2,128,dnc,16,559.9743
cube,140,2,10976278,140,par_close,3,128,dnc,16,551.7351
cube,140,2,10976278,140,par_close,4,128,dnc,16,552.2211
cube,145,2,12194788,145,nelson_seq,0,1,dnc,16,14352.9073
cube,145,2,12194788,145,nelson_seq,1,1,dnc,16,14693.5389
cube,145,2,12194788,145,nelson_seq,2,1,dnc,16,13396.9833
cube,145,2,12194788,145,nelson_seq,3,1,dnc,16,13482.7609
cube,145,2,12194788,145,nelson_seq,4,1,dnc,16,13577.4729
cube,145,2,12194788,145,par_close,0,1,dnc,16,26212.4149
cube,145,2,12194788,145,par_close,1,1,dnc,16,26279.0735
cube,145,2,12194788,145,par_close,2,1,dnc,16,26286.8376
cube,145,2,12194788,145,par_close,3,1,dnc,16,26205.7988
cube,145,2,12194788,145,par_close,4,1,dnc,16,26202.3387
cube,145,2,12194788,145,par_close,0,2,dnc,16,14101.5618
cube,145,2,12194788,145,par_close,1,2,dnc,16,14050.0942
cube,145,2,12194788,145,par_close,2,2,dnc,16,14154.4411
cube,145,2,12194788,145,par_close,3,2,dnc,16,14175.8526
cube,145,2,12194788,145,par_close,4,2,dnc,16,14248.0851
cube,145,2,12194788,145,par_close,0,4,dnc,16,8023.9039
cube,145,2,12194788,145,par_close,1,4,dnc,16,8101.3070
cube,145,2,12194788,145,par_close,2,4,dnc,16,8208.0203
cube,145,2,12194788,145,par_close,3,4,dnc,16,8213.3709
cube,145,2,12194788,145,par_close,4,4,dnc,16,8323.9282
cube,145,2,12194788,145,par_close,0,8,dnc,16,3780.8102
cube,145,2,12194788,145,par_close,1,8,dnc,16,3795.5448
cube,145,2,12194788,145,par_close,2,8,dnc,16,3827.3472
cube,145,2,12194788,145,par_close,3,8,dnc,16,4008.3687
cube,145,2,12194788,145,par_close,4,8,dnc,16,4083.3020
cube,145,2,12194788,145,par_close,0,16,dnc,16,1992.8529
cube,145,2,12194788,145,par_close,1,16,dnc,16,1995.5728
cube,145,2,12194788,145,par_close,2,16,dnc,16,2026.8790
cube,145,2,12194788,145,par_close,3,16,dnc,16,2058.0451
cube,145,2,12194788,145,par_close,4,16,dnc,16,2135.7683
cube,145,2,12194788,145,par_close,0,32,dnc,16,1121.2599
cube,145,2,12194788,145,par_close,1,32,dnc,16,1155.9401
cube,145,2,12194788,145,par_close,2,32,dnc,16,1165.9399
cube,145,2,12194788,145,par_close,3,32,dnc,16,1175.3425
cube,145,2,12194788,145,par_close,4,32,dnc,16,1184.8073
cube,145,2,12194788,145,par_close,0,64,dnc,16,772.9970
cube,145,2,12194788,145,par_close,1,64,dnc,16,767.2171
cube,145,2,12194788,145,par_close,2,64,dnc,16,783.0062
cube,145,2,12194788,145,par_close,3,64,dnc,16,760.1885
cube,145,2,12194788,145,par_close,4,64,dnc,16,775.1566
cube,145,2,12194788,145,par_close,0,128,dnc,16,594.5797
cube,145,2,12194788,145,par_close,1,128,dnc,16,583.0976
cube,145,2,12194788,145,par_close,2,128,dnc,16,603.9165
cube,145,2,12194788,145,par_close,3,128,dnc,16,592.0982
cube,145,2,12194788,145,par_close,4,128,dnc,16,589.0580
quartic,38,2,8340618,38,nelson_seq,0,1,dnc,16,9914.0186
quartic,38,2,8340618,38,nelson_seq,1,1,dnc,16,9412.8900
quartic,38,2,8340618,38,nelson_seq,2,1,dnc,16,9495.1760
quartic,38,2,8340618,38,nelson_seq,3,1,dnc,16,9750.4984
quartic,38,2,8340618,38,nelson_seq,4,1,dnc,16,9812.1690
quartic,38,2,8340618,38,par_close,0,1,dnc,16,17395.6914
quartic,38,2,8340618,38,par_close,1,1,dnc,16,17374.9080
quartic,38,2,8340618,38,par_close,2,1,dnc,16,17384.5454
quartic,38,2,8340618,38,par_close,3,1,dnc,16,17194.9670
quartic,38,2,8340618,38,par_close,4,1,dnc,16,17395.4819
quartic,38,2,8340618,38,par_close,0,2,dnc,16,9430.6399
quartic,38,2,8340618,38,par_close,1,2,dnc,16,9198.2828
quartic,38,2,8340618,38,par_close,2,2,dnc,16,9290.0666
quartic,38,2,8340618,38,par_close,3,2,dnc,16,9277.2896
quartic,38,2,8340618,38,par_close,4,2,dnc,16,9350.7866
quartic,38,2,8340618,38,par_close,0,4,dnc,16,5292.2091
quartic,38,2,8340618,38,par_close,1,4,dnc,16,5337.1715
quartic,38,2,8340618,38,par_close,2,4,dnc,16,5387.7802
quartic,38,2,8340618,38,par_close,3,4,dnc,16,5382.2177
quartic,38,2,8340618,38,par_close,4,4,dnc,16,5409.2488
quartic,38,2,8340618,38,par_close,0,8,dnc,16,2580.3620
quartic,38,2,8340618,38,par_close,1,8,dnc,16,2614.4732
quartic,38,2,8340618,38,par_close,2,8,dnc,16,2753.3059
quartic,38,2,8340618,38,par_close,3,8,dnc,16,2748.2543
quartic,38,2,8340618,38,par_close,4,8,dnc,16,2790.8938
quartic,38,2,8340618,38,par_close,0,16,dnc,16,1380.4614
quartic,38,2,8340618,38,par_close,1,16,dnc,16,1383.3522
quartic,38,2,8340618,38,par_close,2,16,dnc,16,1397.6708
quartic,38,2,8340618,38,par_close,3,16,dnc,16,1437.1568
quartic,38,2,8340618,38,par_close,4,16,dnc,16,1445.5233
quartic,38,2,8340618,38,par_close,0,32,dnc,16,776.8821
quartic,38,2,8340618,38,par_close,1,32,dnc,16,789.5757
quartic,38,2,8340618,38,par_close,2,32,dnc,16,814.2928
quartic,38,2,8340618,38,par_close,3,32,dnc,16,826.2866
quartic,38,2,8340618,38,par_close,4,32,dnc,16,827.1103
quartic,38,2,8340618,38,par_close,0,64,dnc,16,534.2141
quartic,38,2,8340618,38,par_close,1,64,dnc,16,545.8814
quartic,38,2,8340618,38,par_close,2,64,dnc,16,548.3181
quartic,38,2,8340618,38,par_close,3,64,dnc,16,558.6583
quartic,38,2,8340618,38,par_close,4,64,dnc,16,547.2633
quartic,38,2,8340618,38,par_close,0,128,dnc,16,425.5411
quartic,38,2,8340618,38,par_close,1,128,dnc,16,435.8541
quartic,38,2,8340618,38,par_close,2,128,dnc,16,431.7228
quartic,38,2,8340618,38,par_close,3,128,dnc,16,440.0518
quartic,38,2,8340618,38,par_close,4,128,dnc,16,437.5847
quartic,41,2,11303124,41,nelson_seq,0,1,dnc,16,13125.6362
quartic,41,2,11303124,41,nelson_seq,1,1,dnc,16,13624.9220
quartic,41,2,11303124,41,nelson_seq,2,1,dnc,16,12682.3179
quartic,41,2,11303124,41,nelson_seq,3,1,dnc,16,12707.3227
quartic,41,2,11303124,41,nelson_seq,4,1,dnc,16,12826.7741
quartic,41,2,11303124,41,par_close,0,1,dnc,16,24688.4145
quartic,41,2,11303124,41,par_close,1,1,dnc,16,24622.9768
quartic,41,2,11303124,41,par_close,2,1,dnc,16,24756.2140
quartic,41,2,11303124,41,par_close,3,1,dnc,16,24695.2891
quartic,41,2,11303124,41,par_close,4,1,dnc,16,24666.1753
quartic,41,2,11303124,41,par_close,0,2,dnc,16,13735.0589
quartic,41,2,11303124,41,par_close,1,2,dnc,16,13570.1672
quartic,41,2,11303124,41,par_close,2,2,dnc,16,13823.4815
quartic,41,2,11303124,41,par_close,3,2,dnc,16,13719.0513
quartic,41,2,11303124,41,par_close,4,2,dnc,16,13902.6467
quartic,41,2,11303124,41,par_close,0,4,dnc,16,7498.5425
quartic,41,2,11303124,41,par_close,1,4,dnc,16,7570.5313
quartic,41,2,11303124,41,par_close,2,4,dnc,16,7642.1488
quartic,41,2,11303124,41,par_close,3,4,dnc,16,7665.9037
quartic,41,2,11303124,41,par_close,4,4,dnc,16,7705.2481
quartic,41,2,11303124,41,par_close,0,8,dnc,16,3838.6383
quartic,41,2,11303124,41,par_close,1,8,dnc,16,3878.1550
quartic,41,2,11303124,41,par_close,2,8,dnc,16,3993.5491
quartic,41,2,11303124,41,par_close,3,8,dnc,16,3978.7333
quartic,41,2,11303124,41,par_close,4,8,dnc,16,4006.3322
quartic,41,2,11303124,41,par_close,0,16,dnc,16,2016.9378
quartic,41,2,11303124,41,par_close,1,16,dnc,16,2031.7559
quartic,41,2,11303124,41,par_close,2,16,dnc,16,2067.4225
quartic,41,2,11303124,41,par_close,3,16,dnc,16,2073.8243
quartic,41,2,11303124,41,par_close,4,16,dnc,16,2087.5218
quartic,41,2,11303124,41,par_close,0,32,dnc,16,1112.3046
quartic,41,2,11303124,41,par_close,1,32,dnc,16,1135.3782
quartic,41,2,11303124,41,par_close,2,32,dnc,16,1153.4977
quartic,41,2,11303124,41,par_close,3,32,dnc,16,1158.4144
quartic,41,2,11303124,41,par_close,4,32,dnc,16,1160.1691
quartic,41,2,11303124,41,par_close,0,64,dnc,16,659.9320
quartic,41,2,11303124,41,par_close,1,64,dnc,16,696.3564
quartic,41,2,11303124,41,par_close,2,64,dnc,16,710.6783
quartic,41,2,11303124,41,par_close,3,64,dnc,16,753.0938
quartic,41,2,11303124,41,par_close,4,64,dnc,16,763.0717
quartic,41,2,11303124,41,par_close,0,128,dnc,16,610.8915
quartic,41,2,11303124,41,par_close,1,128,dnc,16,596.6132
quartic,41,2,11303124,41,par_close,2,128,dnc,16,584.9694
quartic,41,2,11303124,41,par_close,3,128,dnc,16,594.4591
quartic,41,2,11303124,41,par_close,4,128,dnc,16,600.4733
quartic,44,2,14992470,44,nelson_seq,0,1,dnc,16,17595.4988
quartic,44,2,14992470,44,nelson_seq,1,1,dnc,16,18002.8321
quartic,44,2,14992470,44,nelson_seq,2,1,dnc,16,16686.5879
quartic,44,2,14992470,44,nelson_seq,3,1,dnc,16,16971.5733
quartic,44,2,14992470,44,nelson_seq,4,1,dnc,16,17115.7005
quartic,44,2,14992470,44,par_close,0,1,dnc,16,32904.5324
quartic,44,2,14992470,44,par_close,1,1,dnc,16,32823.6650
quartic,44,2,14992470,44,par_close,2,1,dnc,16,32916.1462
quartic,44,2,14992470,44,par_close,3,1,dnc,16,32696.8230
quartic,44,2,14992470,44,par_close,4,1,dnc,16,32883.4306
quartic,44,2,14992470,44,par_close,0,2,dnc,16,17159.7254
quartic,44,2,14992470,44,par_close,1,2,dnc,16,17300.4864
quartic,44,2,14992470,44,par_close,2,2,dnc,16,17393.5869
quartic,44,2,14992470,44,par_close,3,2,dnc,16,17255.6304
quartic,44,2,14992470,44,par_close,4,2,dnc,16,17505.0370
quartic,44,2,14992470,44,par_close,0,4,dnc,16,9832.7091
quartic,44,2,14992470,44,par_close,1,4,dnc,16,10096.1898
quartic,44,2,14992470,44,par_close,2,4,dnc,16,10040.8050
quartic,44,2,14992470,44,par_close,3,4,dnc,16,10047.9637
quartic,44,2,14992470,44,par_close,4,4,dnc,16,10072.9119
quartic,44,2,14992470,44,par_close,0,8,dnc,16,4755.1374
quartic,44,2,14992470,44,par_close,1,8,dnc,16,4988.2265
quartic,44,2,14992470,44,par_close,2,8,dnc,16,5046.3961
quartic,44,2,14992470,44,par_close,3,8,dnc,16,5106.8216
quartic,44,2,14992470,44,par_close,4,8,dnc,16,5166.9811
quartic,44,2,14992470,44,par_close,0,16,dnc,16,2460.5695
quartic,44,2,14992470,44,par_close,1,16,dnc,16,2465.0823
quartic,44,2,14992470,44,par_close,2,16,dnc,16,2502.3474
quartic,44,2,14992470,44,par_close,3,16,dnc,16,2484.3403
quartic,44,2,14992470,44,par_close,4,16,dnc,16,2585.5705
quartic,44,2,14992470,44,par_close,0,32,dnc,16,1422.0776
quartic,44,2,14992470,44,par_close,1,32,dnc,16,1463.7204
quartic,44,2,14992470,44,par_close,2,32,dnc,16,1484.2650
quartic,44,2,14992470,44,par_close,3,32,dnc,16,1479.9435
quartic,44,2,14992470,44,par_close,4,32,dnc,16,1489.9224
quartic,44,2,14992470,44,par_close,0,64,dnc,16,964.4190
quartic,44,2,14992470,44,par_close,1,64,dnc,16,967.7640
quartic,44,2,14992470,44,par_close,2,64,dnc,16,987.4374
quartic,44,2,14992470,44,par_close,3,64,dnc,16,963.8180
quartic,44,2,14992470,44,par_close,4,64,dnc,16,950.4338
quartic,44,2,14992470,44,par_close,0,128,dnc,16,761.7002
quartic,44,2,14992470,44,par_close,1,128,dnc,16,779.1167
quartic,44,2,14992470,44,par_close,2,128,dnc,16,778.3609
quartic,44,2,14992470,44,par_close,3,128,dnc,16,801.6048
quartic,44,2,14992470,44,par_close,4,128,dnc,16,750.9805
quartic,47,2,19518816,47,nelson_seq,0,1,dnc,16,23871.6942
quartic,47,2,19518816,47,nelson_seq,1,1,dnc,16,24552.8276
quartic,47,2,19518816,47,nelson_seq,2,1,dnc,16,22697.9320
quartic,47,2,19518816,47,nelson_seq,3,1,dnc,16,23030.7945
quartic,47,2,19518816,47,nelson_seq,4,1,dnc,16,23162.8185
quartic,47,2,19518816,47,par_close,0,1,dnc,16,44198.2143
quartic,47,2,19518816,47,par_close,1,1,dnc,16,44153.1965
quartic,47,2,19518816,47,par_close,2,1,dnc,16,44411.4552
quartic,47,2,19518816,47,par_close,3,1,dnc,16,44003.3210
quartic,47,2,19518816,47,par_close,4,1,dnc,16,44166.7000
quartic,47,2,19518816,47,par_close,0,2,dnc,16,23345.1949
quartic,47,2,19518816,47,par_close,1,2,dnc,16,23454.2396
quartic,47,2,19518816,47,par_close,2,2,dnc,16,23654.4680
quartic,47,2,19518816,47,par_close,3,2,dnc,16,23526.0552
quartic,47,2,19518816,47,par_close,4,2,dnc,16,23670.6437
quartic,47,2,19518816,47,par_close,0,4,dnc,16,12306.3280
quartic,47,2,19518816,47,par_close,1,4,dnc,16,12577.3887
quartic,47,2,19518816,47,par_close,2,4,dnc,16,13479.3183
quartic,47,2,19518816,47,par_close,3,4,dnc,16,13445.0033
quartic,47,2,19518816,47,par_close,4,4,dnc,16,13521.1330
quartic,47,2,19518816,47,par_close,0,8,dnc,16,6326.2332
quartic,47,2,19518816,47,par_close,1,8,dnc,16,6626.6577
quartic,47,2,19518816,47,par_close,2,8,dnc,16,6761.6218
quartic,47,2,19518816,47,par_close,3,8,dnc,16,6758.1378
quartic,47,2,19518816,47,par_close,4,8,dnc,16,6776.0426
quartic,47,2,19518816,47,par_close,0,16,dnc,16,3245.8529
quartic,47,2,19518816,47,par_close,1,16,dnc,16,3270.5950
quartic,47,2,19518816,47,par_close,2,16,dnc,16,3300.8331
quartic,47,2,19518816,47,par_close,3,16,dnc,16,3290.3200
quartic,47,2,19518816,47,par_close,4,16,dnc,16,3303.1225
quartic,47,2,19518816,47,par_close,0,32,dnc,16,1869.5888
quartic,47,2,19518816,47,par_close,1,32,dnc,16,1904.2778
quartic,47,2,19518816,47,par_close,2,32,dnc,16,1933.8643
quartic,47,2,19518816,47,par_close,3,32,dnc,16,1962.2115
quartic,47,2,19518816,47,par_close,4,32,dnc,16,1962.8664
quartic,47,2,19518816,47,par_close,0,64,dnc,16,1210.9996
quartic,47,2,19518816,47,par_close,1,64,dnc,16,1240.5735
quartic,47,2,19518816,47,par_close,2,64,dnc,16,1253.2062
quartic,47,2,19518816,47,par_close,3,64,dnc,16,1263.9587
quartic,47,2,19518816,47,par_close,4,64,dnc,16,1232.8544
quartic,47,2,19518816,47,par_close,0,128,dnc,16,956.0434
quartic,47,2,19518816,47,par_close,1,128,dnc,16,954.7695
quartic,47,2,19518816,47,par_close,2,128,dnc,16,937.3417
quartic,47,2,19518816,47,par_close,3,128,dnc,16,1002.5192
quartic,47,2,19518816,47,par_close,4,128,dnc,16,948.8774
quartic,50,2,25000098,50,nelson_seq,0,1,dnc,16,29914.9969
quartic,50,2,25000098,50,nelson_seq,1,1,dnc,16,30785.6331
quartic,50,2,25000098,50,nelson_seq,2,1,dnc,16,28790.8513
quartic,50,2,25000098,50,nelson_seq,3,1,dnc,16,29171.2297
quartic,50,2,25000098,50,nelson_seq,4,1,dnc,16,29418.2200
quartic,50,2,25000098,50,par_close,0,1,dnc,16,56217.0915
quartic,50,2,25000098,50,par_close,1,1,dnc,16,56079.1531
quartic,50,2,25000098,50,par_close,2,1,dnc,16,56160.4686
quartic,50,2,25000098,50,par_close,3,1,dnc,16,55966.3343
quartic,50,2,25000098,50,par_close,4,1,dnc,16,56035.8517
quartic,50,2,25000098,50,par_close,0,2,dnc,16,29120.8196
quartic,50,2,25000098,50,par_close,1,2,dnc,16,29390.1144
quartic,50,2,25000098,50,par_close,2,2,dnc,16,29605.5066
quartic,50,2,25000098,50,par_close,3,2,dnc,16,29596.7540
quartic,50,2,25000098,50,par_close,4,2,dnc,16,29611.0983
quartic,50,2,25000098,50,par_close,0,4,dnc,16,16835.9670
quartic,50,2,25000098,50,par_close,1,4,dnc,16,16895.3248
quartic,50,2,25000098,50,par_close,2,4,dnc,16,16966.7747
quartic,50,2,25000098,50,par_close,3,4,dnc,16,16911.6006
quartic,50,2,25000098,50,par_close,4,4,dnc,16,17014.0124
quartic,50,2,25000098,50,par_close,0,8,dnc,16,8472.3568
quartic,50,2,25000098,50,par_close,1,8,dnc,16,8593.6688
quartic,50,2,25000098,50,par_close,2,8,dnc,16,8646.3515
quartic,50,2,25000098,50,par_close,3,8,dnc,16,8643.0727
quartic,50,2,25000098,50,par_close,4,8,dnc,16,8663.4503
quartic,50,2,25000098,50,par_close,0,16,dnc,16,4142.7278
quartic,50,2,25000098,50,par_close,1,16,dnc,16,4338.0278
quartic,50,2,25000098,50,par_close,2,16,dnc,16,4408.3055
quartic,50,2,25000098,50,par_close,3,16,dnc,16,4475.8261
quartic,50,2,25000098,50,par_close,4,16,dnc,16,4486.7462
quartic,50,2,25000098,50,par_close,0,32,dnc,16,2379.1511
quartic,50,2,25000098,50,par_close,1,32,dnc,16,2431.5719
quartic,50,2,25000098,50,par_close,2,32,dnc,16,2440.2836
quartic,50,2,25000098,50,par_close,3,32,dnc,16,2466.1621
quartic,50,2,25000098,50,par_close,4,32,dnc,16,2466.2526
quartic,50,2,25000098,50,par_close,0,64,dnc,16,1546.8662
quartic,50,2,25000098,50,par_close,1,64,dnc,16,1569.9458
quartic,50,2,25000098,50,par_close,2,64,dnc,16,1542.6290
quartic,50,2,25000098,50,par_close,3,64,dnc,16,1547.2988
quartic,50,2,25000098,50,par_close,4,64,dnc,16,1527.2252
quartic,50,2,25000098,50,par_close,0,128,dnc,16,1165.0016
quartic,50,2,25000098,50,par_close,1,128,dnc,16,1186.5057
quartic,50,2,25000098,50,par_close,2,128,dnc,16,1179.7956
quartic,50,2,25000098,50,par_close,3,128,dnc,16,1185.3293
quartic,50,2,25000098,50,par_close,4,128,dnc,16,1184.1702
quartic,53,2,31562028,53,nelson_seq,0,1,dnc,16,38792.1590
quartic,53,2,31562028,53,nelson_seq,1,1,dnc,16,39569.2309
quartic,53,2,31562028,53,nelson_seq,2,1,dnc,16,36765.4882
quartic,53,2,31562028,53,nelson_seq,3,1,dnc,16,37312.2651
quartic,53,2,31562028,53,nelson_seq,4,1,dnc,16,37129.6014
quartic,53,2,31562028,53,par_close,0,1,dnc,16,70483.9206
quartic,53,2,31562028,53,par_close,1,1,dnc,16,70558.1672
quartic,53,2,31562028,53,par_close,2,1,dnc,16,70613.0911
quartic,53,2,31562028,53,par_close,3,1,dnc,16,70493.7974
quartic,53,2,31562028,53,par_close,4,1,dnc,16,70632.2646
quartic,53,2,31562028,53,par_close,0,2,dnc,16,37527.5094
quartic,53,2,31562028,53,par_close,1,2,dnc,16,37534.7927
quartic,53,2,31562028,53,par_close,2,2,dnc,16,37744.6997
quartic,53,2,31562028,53,par_close,3,2,dnc,16,37629.4019
quartic,53,2,31562028,53,par_close,4,2,dnc,16,37657.6164
quartic,53,2,31562028,53,par_close,0,4,dnc,16,20399.1515
quartic,53,2,31562028,53,par_close,1,4,dnc,16,20218.8519
quartic,53,2,31562028,53,par_close,2,4,dnc,16,20258.3195
quartic,53,2,31562028,53,par_close,3,4,dnc,16,20190.8505
quartic,53,2,31562028,53,par_close,4,4,dnc,16,20293.6307
quartic,53,2,31562028,53,par_close,0,8,dnc,16,10504.3841
quartic,53,2,31562028,53,par_close,1,8,dnc,16,10585.6909
quartic,53,2,31562028,53,par_close,2,8,dnc,16,10683.6266
quartic,53,2,31562028,53,par_close,3,8,dnc,16,10677.5658
quartic,53,2,31562028,53,par_close,4,8,dnc,16,10702.3456
quartic,53,2,31562028,53,par_close,0,16,dnc,16,5330.1992
quartic,53,2,31562028,53,par_close,1,16,dnc,16,5412.3554
quartic,53,2,31562028,53,par_close,2,16,dnc,16,5462.5560
quartic,53,2,31562028,53,par_close,3,16,dnc,16,5485.6839
quartic,53,2,31562028,53,par_close,4,16,dnc,16,5557.7729
quartic,53,2,31562028,53,par_close,0,32,dnc,16,2982.2118
quartic,53,2,31562028,53,par_close,1,32,dnc,16,3007.2442
quartic,53,2,31562028,53,par_close,2,32,dnc,16,3053.4807
quartic,53,2,31562028,53,par_close,3,32,dnc,16,3037.0255
quartic,53,2,31562028,53,par_close,4,32,dnc,16,3056.6328
quartic,53,2,31562028,53,par_close,0,64,dnc,16,1890.9491
quartic,53,2,31562028,53,par_close,1,64,dnc,16,1896.5814
quartic,53,2,31562028,53,par_close,2,64,dnc,16,1872.4079
quartic,53,2,31562028,53,par_close,3,64,dnc,16,1851.7583
quartic,53,2,31562028,53,par_close,4,64,dnc,16,1827.0265
quartic,53,2,31562028,53,par_close,0,128,dnc,16,1425.5413
quartic,53,2,31562028,53,par_close,1,128,dnc,16,1454.0475
quartic,53,2,31562028,53,par_close,2,128,dnc,16,1468.1556
quartic,53,2,31562028,53,par_close,3,128,dnc,16,1451.0948
quartic,53,2,31562028,53,par_close,4,128,dnc,16,1437.1665
quintic,18,2,7558306,18,nelson_seq,0,1,dnc,16,8662.0719
quintic,18,2,7558306,18,nelson_seq,1,1,dnc,16,8234.1859
quintic,18,2,7558306,18,nelson_seq,2,1,dnc,16,8455.4297
quintic,18,2,7558306,18,nelson_seq,3,1,dnc,16,8666.3236
quintic,18,2,7558306,18,nelson_seq,4,1,dnc,16,8597.2237
quintic,18,2,7558306,18,par_close,0,1,dnc,16,16238.6719
quintic,18,2,7558306,18,par_close,1,1,dnc,16,16232.6701
quintic,18,2,7558306,18,par_close,2,1,dnc,16,16236.1853
quintic,18,2,7558306,18,par_close,3,1,dnc,16,16085.4368
quintic,18,2,7558306,18,par_close,4,1,dnc,16,16259.2402
quintic,18,2,7558306,18,par_close,0,2,dnc,16,8817.9820
quintic,18,2,7558306,18,par_close,1,2,dnc,16,8650.6747
quintic,18,2,7558306,18,par_close,2,2,dnc,16,8766.8360
quintic,18,2,7558306,18,par_close,3,2,dnc,16,8739.9791
quintic,18,2,7558306,18,par_close,4,2,dnc,16,8809.1814
quintic,18,2,7558306,18,par_close,0,4,dnc,16,4996.3596
quintic,18,2,7558306,18,par_close,1,4,dnc,16,4986.0716
quintic,18,2,7558306,18,par_close,2,4,dnc,16,5029.7301
quintic,18,2,7558306,18,par_close,3,4,dnc,16,5053.5956
quintic,18,2,7558306,18,par_close,4,4,dnc,16,5076.4301
quintic,18,2,7558306,18,par_close,0,8,dnc,16,2433.6580
quintic,18,2,7558306,18,par_close,1,8,dnc,16,2469.3817
quintic,18,2,7558306,18,par_close,2,8,dnc,16,2571.3595
quintic,18,2,7558306,18,par_close,3,8,dnc,16,2550.9359
quintic,18,2,7558306,18,par_close,4,8,dnc,16,2551.2106
quintic,18,2,7558306,18,par_close,0,16,dnc,16,1300.2944
quintic,18,2,7558306,18,par_close,1,16,dnc,16,1277.3196
quintic,18,2,7558306,18,par_close,2,16,dnc,16,1296.5032
quintic,18,2,7558306,18,par_close,3,16,dnc,16,1292.8729
quintic,18,2,7558306,18,par_close,4,16,dnc,16,1304.6161
quintic,18,2,7558306,18,par_close,0,32,dnc,16,725.2613
quintic,18,2,7558306,18,par_close,1,32,dnc,16,721.4446
quintic,18,2,7558306,18,par_close,2,32,dnc,16,745.5603
quintic,18,2,7558306,18,par_close,3,32,dnc,16,752.5985
quintic,18,2,7558306,18,par_close,4,32,dnc,16,762.7807
quintic,18,2,7558306,18,par_close,0,64,dnc,16,461.9676
quintic,18,2,7558306,18,par_close,1,64,dnc,16,476.3864
quintic,18,2,7558306,18,par_close,2,64,dnc,16,486.4671
quintic,18,2,7558306,18,par_close,3,64,dnc,16,499.4974
quintic,18,2,7558306,18,par_close,4,64,dnc,16,499.6148
quintic,18,2,7558306,18,par_close,0,128,dnc,16,482.6328
quintic,18,2,7558306,18,par_close,1,128,dnc,16,495.7305
quintic,18,2,7558306,18,par_close,2,128,dnc,16,439.7411
quintic,18,2,7558306,18,par_close,3,128,dnc,16,422.8754
quintic,18,2,7558306,18,par_close,4,128,dnc,16,436.1078
quintic,19,2,9904432,19,nelson_seq,0,1,dnc,16,11648.6211
quintic,19,2,9904432,19,nelson_seq,1,1,dnc,16,11922.3381
quintic,19,2,9904432,19,nelson_seq,2,1,dnc,16,11771.3907
quintic,19,2,9904432,19,nelson_seq,3,1,dnc,16,11996.6621
quintic,19,2,9904432,19,nelson_seq,4,1,dnc,16,12222.8709
quintic,19,2,9904432,19,par_close,0,1,dnc,16,22468.8047
quintic,19,2,9904432,19,par_close,1,1,dnc,16,22467.7642
quintic,19,2,9904432,19,par_close,2,1,dnc,16,22399.7536
quintic,19,2,9904432,19,par_close,3,1,dnc,16,22291.3656
quintic,19,2,9904432,19,par_close,4,1,dnc,16,22407.5004
quintic,19,2,9904432,19,par_close,0,2,dnc,16,12230.6144
quintic,19,2,9904432,19,par_close,1,2,dnc,16,12119.4137
quintic,19,2,9904432,19,par_close,2,2,dnc,16,12309.5728
quintic,19,2,9904432,19,par_close,3,2,dnc,16,12258.6757
quintic,19,2,9904432,19,par_close,4,2,dnc,16,12345.6927
quintic,19,2,9904432,19,par_close,0,4,dnc,16,6863.6516
quintic,19,2,9904432,19,par_close,1,4,dnc,16,6936.0634
quintic,19,2,9904432,19,par_close,2,4,dnc,16,6976.7730
quintic,19,2,9904432,19,par_close,3,4,dnc,16,6963.2965
quintic,19,2,9904432,19,par_close,4,4,dnc,16,7047.8525
quintic,19,2,9904432,19,par_close,0,8,dnc,16,3312.4303
quintic,19,2,9904432,19,par_close,1,8,dnc,16,3308.6440
quintic,19,2,9904432,19,par_close,2,8,dnc,16,3481.8742
quintic,19,2,9904432,19,par_close,3,8,dnc,16,3508.5981
quintic,19,2,9904432,19,par_close,4,8,dnc,16,3514.9572
quintic,19,2,9904432,19,par_close,0,16,dnc,16,1748.6029
quintic,19,2,9904432,19,par_close,1,16,dnc,16,1741.0841
quintic,19,2,9904432,19,par_close,2,16,dnc,16,1759.9511
quintic,19,2,9904432,19,par_close,3,16,dnc,16,1739.2064
quintic,19,2,9904432,19,par_close,4,16,dnc,16,1818.8956
quintic,19,2,9904432,19,par_close,0,32,dnc,16,954.7201
quintic,19,2,9904432,19,par_close,1,32,dnc,16,987.6215
quintic,19,2,9904432,19,par_close,2,32,dnc,16,1011.3001
quintic,19,2,9904432,19,par_close,3,32,dnc,16,1000.3893
quintic,19,2,9904432,19,par_close,4,32,dnc,16,1024.2001
quintic,19,2,9904432,19,par_close,0,64,dnc,16,642.3803
quintic,19,2,9904432,19,par_close,1,64,dnc,16,658.5358
quintic,19,2,9904432,19,par_close,2,64,dnc,16,657.2018
quintic,19,2,9904432,19,par_close,3,64,dnc,16,662.1796
quintic,19,2,9904432,19,par_close,4,64,dnc,16,668.4471
quintic,19,2,9904432,19,par_close,0,128,dnc,16,551.3018
quintic,19,2,9904432,19,par_close,1,128,dnc,16,555.6929
quintic,19,2,9904432,19,par_close,2,128,dnc,16,553.2800
quintic,19,2,9904432,19,par_close,3,128,dnc,16,562.3905
quintic,19,2,9904432,19,par_close,4,128,dnc,16,565.9935
quintic,20,2,12800038,20,nelson_seq,0,1,dnc,16,15059.4050
quintic,20,2,12800038,20,nelson_seq,1,1,dnc,16,15186.4001
quintic,20,2,12800038,20,nelson_seq,2,1,dnc,16,14848.5060
quintic,20,2,12800038,20,nelson_seq,3,1,dnc,16,14941.9286
quintic,20,2,12800038,20,nelson_seq,4,1,dnc,16,15200.7018
quintic,20,2,12800038,20,par_close,0,1,dnc,16,28929.7323
quintic,20,2,12800038,20,par_close,1,1,dnc,16,28902.4326
quintic,20,2,12800038,20,par_close,2,1,dnc,16,28959.8760
quintic,20,2,12800038,20,par_close,3,1,dnc,16,28800.4428
quintic,20,2,12800038,20,par_close,4,1,dnc,16,28892.3978
quintic,20,2,12800038,20,par_close,0,2,dnc,16,15365.1694
quintic,20,2,12800038,20,par_close,1,2,dnc,16,15162.6360
quintic,20,2,12800038,20,par_close,2,2,dnc,16,15385.1494
quintic,20,2,12800038,20,par_close,3,2,dnc,16,15324.3986
quintic,20,2,12800038,20,par_close,4,2,dnc,16,15423.9698
quintic,20,2,12800038,20,par_close,0,4,dnc,16,8772.6458
quintic,20,2,12800038,20,par_close,1,4,dnc,16,8822.4198
quintic,20,2,12800038,20,par_close,2,4,dnc,16,8937.8889
quintic,20,2,12800038,20,par_close,3,4,dnc,16,8928.1280
quintic,20,2,12800038,20,par_close,4,4,dnc,16,8977.4502
quintic,20,2,12800038,20,par_close,0,8,dnc,16,4101.3620
quintic,20,2,12800038,20,par_close,1,8,dnc,16,4088.3064
quintic,20,2,12800038,20,par_close,2,8,dnc,16,4188.6602
quintic,20,2,12800038,20,par_close,3,8,dnc,16,4374.6997
quintic,20,2,12800038,20,par_close,4,8,dnc,16,4428.2426
quintic,20,2,12800038,20,par_close,0,16,dnc,16,2194.9895
quintic,20,2,12800038,20,par_close,1,16,dnc,16,2245.7093
quintic,20,2,12800038,20,par_close,2,16,dnc,16,2287.5343
quintic,20,2,12800038,20,par_close,3,16,dnc,16,2286.3155
quintic,20,2,12800038,20,par_close,4,16,dnc,16,2297.6555
quintic,20,2,12800038,20,par_close,0,32,dnc,16,1222.3652
quintic,20,2,12800038,20,par_close,1,32,dnc,16,1268.9540
quintic,20,2,12800038,20,par_close,2,32,dnc,16,1296.8813
quintic,20,2,12800038,20,par_close,3,32,dnc,16,1294.1138
quintic,20,2,12800038,20,par_close,4,32,dnc,16,1302.1273
quintic,20,2,12800038,20,par_close,0,64,dnc,16,839.7374
quintic,20,2,12800038,20,par_close,1,64,dnc,16,872.2806
quintic,20,2,12800038,20,par_close,2,64,dnc,16,883.4897
quintic,20,2,12800038,20,par_close,3,64,dnc,16,885.0492
quintic,20,2,12800038,20,par_close,4,64,dnc,16,899.0563
quintic,20,2,12800038,20,par_close,0,128,dnc,16,758.8510
quintic,20,2,12800038,20,par_close,1,128,dnc,16,680.1241
quintic,20,2,12800038,20,par_close,2,128,dnc,16,686.0482
quintic,20,2,12800038,20,par_close,3,128,dnc,16,698.7453
quintic,20,2,12800038,20,par_close,4,128,dnc,16,683.7919
quintic,21,2,16336444,21,nelson_seq,0,1,dnc,16,20332.3396
quintic,21,2,16336444,21,nelson_seq,1,1,dnc,16,20534.9195
quintic,21,2,16336444,21,nelson_seq,2,1,dnc,16,19474.5935
quintic,21,2,16336444,21,nelson_seq,3,1,dnc,16,19778.4377
quintic,21,2,16336444,21,nelson_seq,4,1,dnc,16,20217.7982
quintic,21,2,16336444,21,par_close,0,1,dnc,16,36297.9687
quintic,21,2,16336444,21,par_close,1,1,dnc,16,36300.2759
quintic,21,2,16336444,21,par_close,2,1,dnc,16,36298.5301
quintic,21,2,16336444,21,par_close,3,1,dnc,16,36124.2252
quintic,21,2,16336444,21,par_close,4,1,dnc,16,36367.8012
quintic,21,2,16336444,21,par_close,0,2,dnc,16,19223.3499
quintic,21,2,16336444,21,par_close,1,2,dnc,16,19247.3366
quintic,21,2,16336444,21,par_close,2,2,dnc,16,19530.4603
quintic,21,2,16336444,21,par_close,3,2,dnc,16,19345.1575
quintic,21,2,16336444,21,par_close,4,2,dnc,16,19551.0828
quintic,21,2,16336444,21,par_close,0,4,dnc,16,10889.7857
quintic,21,2,16336444,21,par_close,1,4,dnc,16,10880.0420
quintic,21,2,16336444,21,par_close,2,4,dnc,16,11035.6538
quintic,21,2,16336444,21,par_close,3,4,dnc,16,10965.7082
quintic,21,2,16336444,21,par_close,4,4,dnc,16,11044.3216
quintic,21,2,16336444,21,par_close,0,8,dnc,16,5451.2737
quintic,21,2,16336444,21,par_close,1,8,dnc,16,5507.4511
quintic,21,2,16336444,21,par_close,2,8,dnc,16,5569.5750
quintic,21,2,16336444,21,par_close,3,8,dnc,16,5563.1668
quintic,21,2,16336444,21,par_close,4,8,dnc,16,5651.1570
quintic,21,2,16336444,21,par_close,0,16,dnc,16,2787.6897
quintic,21,2,16336444,21,par_close,1,16,dnc,16,2797.2509
quintic,21,2,16336444,21,par_close,2,16,dnc,16,2854.1030
quintic,21,2,16336444,21,par_close,3,16,dnc,16,2843.8776
quintic,21,2,16336444,21,par_close,4,16,dnc,16,2885.5016
quintic,21,2,16336444,21,par_close,0,32,dnc,16,1531.0056
quintic,21,2,16336444,21,par_close,1,32,dnc,16,1546.1129
quintic,21,2,16336444,21,par_close,2,32,dnc,16,1586.8471
quintic,21,2,16336444,21,par_close,3,32,dnc,16,1606.6908
quintic,21,2,16336444,21,par_close,4,32,dnc,16,1613.6521
quintic,21,2,16336444,21,par_close,0,64,dnc,16,962.3914
quintic,21,2,16336444,21,par_close,1,64,dnc,16,1024.3085
quintic,21,2,16336444,21,par_close,2,64,dnc,16,1032.6432
quintic,21,2,16336444,21,par_close,3,64,dnc,16,1040.0397
quintic,21,2,16336444,21,par_close,4,64,dnc,16,1021.8004
quintic,21,2,16336444,21,par_close,0,128,dnc,16,814.1309
quintic,21,2,16336444,21,par_close,1,128,dnc,16,859.5992
quintic,21,2,16336444,21,par_close,2,128,dnc,16,829.9239
quintic,21,2,16336444,21,par_close,3,128,dnc,16,850.1096
quintic,21,2,16336444,21,par_close,4,128,dnc,16,842.4066
quintic,22,2,20614570,22,nelson_seq,0,1,dnc,16,25868.1471
quintic,22,2,20614570,22,nelson_seq,1,1,dnc,16,26508.5015
quintic,22,2,20614570,22,nelson_seq,2,1,dnc,16,27961.6991
quintic,22,2,20614570,22,nelson_seq,3,1,dnc,16,26568.5313
quintic,22,2,20614570,22,nelson_seq,4,1,dnc,16,26586.0181
quintic,22,2,20614570,22,par_close,0,1,dnc,16,48766.3646
quintic,22,2,20614570,22,par_close,1,1,dnc,16,48750.7354
quintic,22,2,20614570,22,par_close,2,1,dnc,16,48771.1900
quintic,22,2,20614570,22,par_close,3,1,dnc,16,48582.4958
quintic,22,2,20614570,22,par_close,4,1,dnc,16,48726.9117
quintic,22,2,20614570,22,par_close,0,2,dnc,16,24873.9240
quintic,22,2,20614570,22,par_close,1,2,dnc,16,24836.2751
quintic,22,2,20614570,22,par_close,2,2,dnc,16,25054.3090
quintic,22,2,20614570,22,par_close,3,2,dnc,16,24899.5639
quintic,22,2,20614570,22,par_close,4,2,dnc,16,25063.5444
quintic,22,2,20614570,22,par_close,0,4,dnc,16,13261.8710
quintic,22,2,20614570,22,par_close,1,4,dnc,16,14118.9012
quintic,22,2,20614570,22,par_close,2,4,dnc,16,14167.2024
quintic,22,2,20614570,22,par_close,3,4,dnc,16,14144.2766
quintic,22,2,20614570,22,par_close,4,4,dnc,16,14240.6035
quintic,22,2,20614570,22,par_close,0,8,dnc,16,6694.5875
quintic,22,2,20614570,22,par_close,1,8,dnc,16,7064.2635
quintic,22,2,20614570,22,par_close,2,8,dnc,16,7179.7458
quintic,22,2,20614570,22,par_close,3,8,dnc,16,7136.5428
quintic,22,2,20614570,22,par_close,4,8,dnc,16,7246.0826
quintic,22,2,20614570,22,par_close,0,16,dnc,16,3485.5584
quintic,22,2,20614570,22,par_close,1,16,dnc,16,3506.2456
quintic,22,2,20614570,22,par_close,2,16,dnc,16,3540.3932
quintic,22,2,20614570,22,par_close,3,16,dnc,16,3630.6269
quintic,22,2,20614570,22,par_close,4,16,dnc,16,3692.0547
quintic,22,2,20614570,22,par_close,0,32,dnc,16,2004.8575
quintic,22,2,20614570,22,par_close,1,32,dnc,16,2034.0769
quintic,22,2,20614570,22,par_close,2,32,dnc,16,2045.4538
quintic,22,2,20614570,22,par_close,3,32,dnc,16,2043.0523
quintic,22,2,20614570,22,par_close,4,32,dnc,16,2054.3201
quintic,22,2,20614570,22,par_close,0,64,dnc,16,1294.5501
quintic,22,2,20614570,22,par_close,1,64,dnc,16,1299.3139
quintic,22,2,20614570,22,par_close,2,64,dnc,16,1301.6603
quintic,22,2,20614570,22,par_close,3,64,dnc,16,1290.0338
quintic,22,2,20614570,22,par_close,4,64,dnc,16,1286.4093
quintic,22,2,20614570,22,par_close,0,128,dnc,16,1078.0322
quintic,22,2,20614570,22,par_close,1,128,dnc,16,1040.7747
quintic,22,2,20614570,22,par_close,2,128,dnc,16,1055.5430
quintic,22,2,20614570,22,par_close,3,128,dnc,16,1054.2910
quintic,22,2,20614570,22,par_close,4,128,dnc,16,1065.8965
quintic,23,2,25745416,23,nelson_seq,0,1,dnc,16,32642.5244
quintic,23,2,25745416,23,nelson_seq,1,1,dnc,16,33177.5556
quintic,23,2,25745416,23,nelson_seq,2,1,dnc,16,34760.6812
quintic,23,2,25745416,23,nelson_seq,3,1,dnc,16,34855.5827
quintic,23,2,25745416,23,nelson_seq,4,1,dnc,16,35692.5859
quintic,23,2,25745416,23,par_close,0,1,dnc,16,62086.1860
quintic,23,2,25745416,23,par_close,1,1,dnc,16,61653.3753
quintic,23,2,25745416,23,par_close,2,1,dnc,16,62069.6277
quintic,23,2,25745416,23,par_close,3,1,dnc,16,61567.5719
quintic,23,2,25745416,23,par_close,4,1,dnc,16,62040.8460
quintic,23,2,25745416,23,par_close,0,2,dnc,16,31601.4524
quintic,23,2,25745416,23,par_close,1,2,dnc,16,31803.4897
quintic,23,2,25745416,23,par_close,2,2,dnc,16,32222.0874
quintic,23,2,25745416,23,par_close,3,2,dnc,16,31951.2301
quintic,23,2,25745416,23,par_close,4,2,dnc,16,32220.0056
quintic,23,2,25745416,23,par_close,0,4,dnc,16,17189.3635
quintic,23,2,25745416,23,par_close,1,4,dnc,16,17083.6038
quintic,23,2,25745416,23,par_close,2,4,dnc,16,17162.1688
quintic,23,2,25745416,23,par_close,3,4,dnc,16,17118.0681
quintic,23,2,25745416,23,par_close,4,4,dnc,16,17251.9265
quintic,23,2,25745416,23,par_close,0,8,dnc,16,8955.9794
quintic,23,2,25745416,23,par_close,1,8,dnc,16,8954.1025
quintic,23,2,25745416,23,par_close,2,8,dnc,16,9095.8361
quintic,23,2,25745416,23,par_close,3,8,dnc,16,9035.0046
quintic,23,2,25745416,23,par_close,4,8,dnc,16,9125.9351
quintic,23,2,25745416,23,par_close,0,16,dnc,16,4369.4308
quintic,23,2,25745416,23,par_close,1,16,dnc,16,4362.8440
quintic,23,2,25745416,23,par_close,2,16,dnc,16,4394.2100
quintic,23,2,25745416,23,par_close,3,16,dnc,16,4371.6212
quintic,23,2,25745416,23,par_close,4,16,dnc,16,4577.0619
quintic,23,2,25745416,23,par_close,0,32,dnc,16,2497.2504
quintic,23,2,25745416,23,par_close,1,32,dnc,16,2509.9252
quintic,23,2,25745416,23,par_close,2,32,dnc,16,2571.9641
quintic,23,2,25745416,23,par_close,3,32,dnc,16,2538.9769
quintic,23,2,25745416,23,par_close,4,32,dnc,16,2584.0964
quintic,23,2,25745416,23,par_close,0,64,dnc,16,1600.1852
quintic,23,2,25745416,23,par_close,1,64,dnc,16,1626.6849
quintic,23,2,25745416,23,par_close,2,64,dnc,16,1669.1365
quintic,23,2,25745416,23,par_close,3,64,dnc,16,1595.6254
quintic,23,2,25745416,23,par_close,4,64,dnc,16,1625.6666
quintic,23,2,25745416,23,par_close,0,128,dnc,16,1227.4586
quintic,23,2,25745416,23,par_close,1,128,dnc,16,1253.5584
quintic,23,2,25745416,23,par_close,2,128,dnc,16,1251.8754
quintic,23,2,25745416,23,par_close,3,128,dnc,16,1252.4911
quintic,23,2,25745416,23,par_close,4,128,dnc,16,1261.1734
