workload,leaves,fns,nodes,merges,depth,algorithm,trial,parlay_threads,union_style,dnc_cutoff,wallclock_ms
small,1000,4,10000,2000,1,nelson_seq,0,1,dnc,16,3.6034
small,1000,4,10000,2000,1,nelson_seq,1,1,dnc,16,3.5104
small,1000,4,10000,2000,1,nelson_seq,2,1,dnc,16,3.4186
small,1000,4,10000,2000,1,nelson_seq,3,1,dnc,16,3.5695
small,1000,4,10000,2000,1,nelson_seq,4,1,dnc,16,3.3861
small,1000,4,10000,2000,1,par_close,0,1,dnc,16,6.5022
small,1000,4,10000,2000,1,par_close,1,1,dnc,16,6.4395
small,1000,4,10000,2000,1,par_close,2,1,dnc,16,6.4183
small,1000,4,10000,2000,1,par_close,3,1,dnc,16,6.3162
small,1000,4,10000,2000,1,par_close,4,1,dnc,16,6.3906
medium,10000,8,200000,20000,1,nelson_seq,0,1,dnc,16,78.6547
medium,10000,8,200000,20000,1,nelson_seq,1,1,dnc,16,80.6865
medium,10000,8,200000,20000,1,nelson_seq,2,1,dnc,16,68.3742
medium,10000,8,200000,20000,1,nelson_seq,3,1,dnc,16,66.0222
medium,10000,8,200000,20000,1,nelson_seq,4,1,dnc,16,65.2233
medium,10000,8,200000,20000,1,par_close,0,1,dnc,16,124.1933
medium,10000,8,200000,20000,1,par_close,1,1,dnc,16,124.4945
medium,10000,8,200000,20000,1,par_close,2,1,dnc,16,125.0673
medium,10000,8,200000,20000,1,par_close,3,1,dnc,16,125.2980
medium,10000,8,200000,20000,1,par_close,4,1,dnc,16,126.7385
large,50000,16,1000000,100000,1,nelson_seq,0,1,dnc,16,736.4148
large,50000,16,1000000,100000,1,nelson_seq,1,1,dnc,16,736.7520
large,50000,16,1000000,100000,1,nelson_seq,2,1,dnc,16,739.1081
large,50000,16,1000000,100000,1,nelson_seq,3,1,dnc,16,737.7406
large,50000,16,1000000,100000,1,nelson_seq,4,1,dnc,16,738.2663
large,50000,16,1000000,100000,1,par_close,0,1,dnc,16,791.7580
large,50000,16,1000000,100000,1,par_close,1,1,dnc,16,802.7356
large,50000,16,1000000,100000,1,par_close,2,1,dnc,16,806.1791
large,50000,16,1000000,100000,1,par_close,3,1,dnc,16,810.5615
large,50000,16,1000000,100000,1,par_close,4,1,dnc,16,803.8617
deep-s,1000,4,10000,2000,3,nelson_seq,0,1,dnc,16,6.4724
deep-s,1000,4,10000,2000,3,nelson_seq,1,1,dnc,16,2.1679
deep-s,1000,4,10000,2000,3,nelson_seq,2,1,dnc,16,2.0956
deep-s,1000,4,10000,2000,3,nelson_seq,3,1,dnc,16,2.4727
deep-s,1000,4,10000,2000,3,nelson_seq,4,1,dnc,16,2.1206
deep-s,1000,4,10000,2000,3,par_close,0,1,dnc,16,3.7233
deep-s,1000,4,10000,2000,3,par_close,1,1,dnc,16,3.7535
deep-s,1000,4,10000,2000,3,par_close,2,1,dnc,16,3.7317
deep-s,1000,4,10000,2000,3,par_close,3,1,dnc,16,3.7698
deep-s,1000,4,10000,2000,3,par_close,4,1,dnc,16,3.7355
deep-m,10000,8,200000,20000,3,nelson_seq,0,1,dnc,16,79.0062
deep-m,10000,8,200000,20000,3,nelson_seq,1,1,dnc,16,76.1449
deep-m,10000,8,200000,20000,3,nelson_seq,2,1,dnc,16,73.4497
deep-m,10000,8,200000,20000,3,nelson_seq,3,1,dnc,16,71.7770
deep-m,10000,8,200000,20000,3,nelson_seq,4,1,dnc,16,75.4696
deep-m,10000,8,200000,20000,3,par_close,0,1,dnc,16,98.3364
deep-m,10000,8,200000,20000,3,par_close,1,1,dnc,16,96.5729
deep-m,10000,8,200000,20000,3,par_close,2,1,dnc,16,95.0828
deep-m,10000,8,200000,20000,3,par_close,3,1,dnc,16,107.2363
deep-m,10000,8,200000,20000,3,par_close,4,1,dnc,16,95.3563
deep-l,50000,16,1000000,100000,3,nelson_seq,0,1,dnc,16,676.1908
deep-l,50000,16,1000000,100000,3,nelson_seq,1,1,dnc,16,680.1487
deep-l,50000,16,1000000,100000,3,nelson_seq,2,1,dnc,16,669.0416
deep-l,50000,16,1000000,100000,3,nelson_seq,3,1,dnc,16,675.1493
deep-l,50000,16,1000000,100000,3,nelson_seq,4,1,dnc,16,676.7057
deep-l,50000,16,1000000,100000,3,par_close,0,1,dnc,16,631.0790
deep-l,50000,16,1000000,100000,3,par_close,1,1,dnc,16,634.4184
deep-l,50000,16,1000000,100000,3,par_close,2,1,dnc,16,643.3670
deep-l,50000,16,1000000,100000,3,par_close,3,1,dnc,16,679.8251
deep-l,50000,16,1000000,100000,3,par_close,4,1,dnc,16,639.9567
small,1000,4,10000,2000,1,nelson_seq,0,2,dnc,16,2.5489
small,1000,4,10000,2000,1,nelson_seq,1,2,dnc,16,2.5844
small,1000,4,10000,2000,1,nelson_seq,2,2,dnc,16,2.5146
small,1000,4,10000,2000,1,nelson_seq,3,2,dnc,16,2.4301
small,1000,4,10000,2000,1,nelson_seq,4,2,dnc,16,2.5026
small,1000,4,10000,2000,1,par_close,0,2,dnc,16,3.8959
small,1000,4,10000,2000,1,par_close,1,2,dnc,16,4.3780
small,1000,4,10000,2000,1,par_close,2,2,dnc,16,4.3451
small,1000,4,10000,2000,1,par_close,3,2,dnc,16,4.2673
small,1000,4,10000,2000,1,par_close,4,2,dnc,16,4.4221
medium,10000,8,200000,20000,1,nelson_seq,0,2,dnc,16,69.9839
medium,10000,8,200000,20000,1,nelson_seq,1,2,dnc,16,68.0258
medium,10000,8,200000,20000,1,nelson_seq,2,2,dnc,16,67.8446
medium,10000,8,200000,20000,1,nelson_seq,3,2,dnc,16,69.8876
medium,10000,8,200000,20000,1,nelson_seq,4,2,dnc,16,75.9442
medium,10000,8,200000,20000,1,par_close,0,2,dnc,16,78.1957
medium,10000,8,200000,20000,1,par_close,1,2,dnc,16,66.0437
medium,10000,8,200000,20000,1,par_close,2,2,dnc,16,67.1001
medium,10000,8,200000,20000,1,par_close,3,2,dnc,16,64.6623
medium,10000,8,200000,20000,1,par_close,4,2,dnc,16,64.9426
large,50000,16,1000000,100000,1,nelson_seq,0,2,dnc,16,754.4125
large,50000,16,1000000,100000,1,nelson_seq,1,2,dnc,16,738.4599
large,50000,16,1000000,100000,1,nelson_seq,2,2,dnc,16,756.5527
large,50000,16,1000000,100000,1,nelson_seq,3,2,dnc,16,745.4233
large,50000,16,1000000,100000,1,nelson_seq,4,2,dnc,16,736.6466
large,50000,16,1000000,100000,1,par_close,0,2,dnc,16,388.6350
large,50000,16,1000000,100000,1,par_close,1,2,dnc,16,389.4448
large,50000,16,1000000,100000,1,par_close,2,2,dnc,16,394.1649
large,50000,16,1000000,100000,1,par_close,3,2,dnc,16,421.0516
large,50000,16,1000000,100000,1,par_close,4,2,dnc,16,401.8379
deep-s,1000,4,10000,2000,3,nelson_seq,0,2,dnc,16,2.2508
deep-s,1000,4,10000,2000,3,nelson_seq,1,2,dnc,16,2.2501
deep-s,1000,4,10000,2000,3,nelson_seq,2,2,dnc,16,2.3053
deep-s,1000,4,10000,2000,3,nelson_seq,3,2,dnc,16,2.2112
deep-s,1000,4,10000,2000,3,nelson_seq,4,2,dnc,16,2.1965
deep-s,1000,4,10000,2000,3,par_close,0,2,dnc,16,3.1628
deep-s,1000,4,10000,2000,3,par_close,1,2,dnc,16,3.2689
deep-s,1000,4,10000,2000,3,par_close,2,2,dnc,16,3.2096
deep-s,1000,4,10000,2000,3,par_close,3,2,dnc,16,3.1889
deep-s,1000,4,10000,2000,3,par_close,4,2,dnc,16,3.1678
deep-m,10000,8,200000,20000,3,nelson_seq,0,2,dnc,16,77.2037
deep-m,10000,8,200000,20000,3,nelson_seq,1,2,dnc,16,74.9726
deep-m,10000,8,200000,20000,3,nelson_seq,2,2,dnc,16,74.6410
deep-m,10000,8,200000,20000,3,nelson_seq,3,2,dnc,16,74.1994
deep-m,10000,8,200000,20000,3,nelson_seq,4,2,dnc,16,74.4119
deep-m,10000,8,200000,20000,3,par_close,0,2,dnc,16,66.5136
deep-m,10000,8,200000,20000,3,par_close,1,2,dnc,16,65.3183
deep-m,10000,8,200000,20000,3,par_close,2,2,dnc,16,64.7036
deep-m,10000,8,200000,20000,3,par_close,3,2,dnc,16,65.8050
deep-m,10000,8,200000,20000,3,par_close,4,2,dnc,16,65.6262
deep-l,50000,16,1000000,100000,3,nelson_seq,0,2,dnc,16,671.8503
deep-l,50000,16,1000000,100000,3,nelson_seq,1,2,dnc,16,676.6467
deep-l,50000,16,1000000,100000,3,nelson_seq,2,2,dnc,16,670.8942
deep-l,50000,16,1000000,100000,3,nelson_seq,3,2,dnc,16,699.7359
deep-l,50000,16,1000000,100000,3,nelson_seq,4,2,dnc,16,674.6221
deep-l,50000,16,1000000,100000,3,par_close,0,2,dnc,16,311.2933
deep-l,50000,16,1000000,100000,3,par_close,1,2,dnc,16,323.1121
deep-l,50000,16,1000000,100000,3,par_close,2,2,dnc,16,342.1675
deep-l,50000,16,1000000,100000,3,par_close,3,2,dnc,16,319.3623
deep-l,50000,16,1000000,100000,3,par_close,4,2,dnc,16,319.0374
small,1000,4,10000,2000,1,nelson_seq,0,4,dnc,16,2.6891
small,1000,4,10000,2000,1,nelson_seq,1,4,dnc,16,2.7347
small,1000,4,10000,2000,1,nelson_seq,2,4,dnc,16,2.7456
small,1000,4,10000,2000,1,nelson_seq,3,4,dnc,16,2.7696
small,1000,4,10000,2000,1,nelson_seq,4,4,dnc,16,2.7296
small,1000,4,10000,2000,1,par_close,0,4,dnc,16,3.4327
small,1000,4,10000,2000,1,par_close,1,4,dnc,16,3.3513
small,1000,4,10000,2000,1,par_close,2,4,dnc,16,3.3623
small,1000,4,10000,2000,1,par_close,3,4,dnc,16,3.3167
small,1000,4,10000,2000,1,par_close,4,4,dnc,16,3.4497
medium,10000,8,200000,20000,1,nelson_seq,0,4,dnc,16,72.4385
medium,10000,8,200000,20000,1,nelson_seq,1,4,dnc,16,69.4683
medium,10000,8,200000,20000,1,nelson_seq,2,4,dnc,16,68.9375
medium,10000,8,200000,20000,1,nelson_seq,3,4,dnc,16,73.5114
medium,10000,8,200000,20000,1,nelson_seq,4,4,dnc,16,70.4908
medium,10000,8,200000,20000,1,par_close,0,4,dnc,16,40.5299
medium,10000,8,200000,20000,1,par_close,1,4,dnc,16,40.2231
medium,10000,8,200000,20000,1,par_close,2,4,dnc,16,40.5049
medium,10000,8,200000,20000,1,par_close,3,4,dnc,16,40.3500
medium,10000,8,200000,20000,1,par_close,4,4,dnc,16,39.1586
large,50000,16,1000000,100000,1,nelson_seq,0,4,dnc,16,1242.2199
large,50000,16,1000000,100000,1,nelson_seq,1,4,dnc,16,943.8571
large,50000,16,1000000,100000,1,nelson_seq,2,4,dnc,16,771.0305
large,50000,16,1000000,100000,1,nelson_seq,3,4,dnc,16,803.0939
large,50000,16,1000000,100000,1,nelson_seq,4,4,dnc,16,771.5612
large,50000,16,1000000,100000,1,par_close,0,4,dnc,16,249.2301
large,50000,16,1000000,100000,1,par_close,1,4,dnc,16,251.7468
large,50000,16,1000000,100000,1,par_close,2,4,dnc,16,253.1406
large,50000,16,1000000,100000,1,par_close,3,4,dnc,16,318.1853
large,50000,16,1000000,100000,1,par_close,4,4,dnc,16,252.9794
deep-s,1000,4,10000,2000,3,nelson_seq,0,4,dnc,16,2.6714
deep-s,1000,4,10000,2000,3,nelson_seq,1,4,dnc,16,2.5953
deep-s,1000,4,10000,2000,3,nelson_seq,2,4,dnc,16,2.6713
deep-s,1000,4,10000,2000,3,nelson_seq,3,4,dnc,16,2.6001
deep-s,1000,4,10000,2000,3,nelson_seq,4,4,dnc,16,2.5446
deep-s,1000,4,10000,2000,3,par_close,0,4,dnc,16,3.3620
deep-s,1000,4,10000,2000,3,par_close,1,4,dnc,16,3.1781
deep-s,1000,4,10000,2000,3,par_close,2,4,dnc,16,3.2516
deep-s,1000,4,10000,2000,3,par_close,3,4,dnc,16,3.1530
deep-s,1000,4,10000,2000,3,par_close,4,4,dnc,16,3.3428
deep-m,10000,8,200000,20000,3,nelson_seq,0,4,dnc,16,85.0690
deep-m,10000,8,200000,20000,3,nelson_seq,1,4,dnc,16,88.1292
deep-m,10000,8,200000,20000,3,nelson_seq,2,4,dnc,16,82.9480
deep-m,10000,8,200000,20000,3,nelson_seq,3,4,dnc,16,82.6062
deep-m,10000,8,200000,20000,3,nelson_seq,4,4,dnc,16,80.2762
deep-m,10000,8,200000,20000,3,par_close,0,4,dnc,16,57.3342
deep-m,10000,8,200000,20000,3,par_close,1,4,dnc,16,57.5494
deep-m,10000,8,200000,20000,3,par_close,2,4,dnc,16,56.1062
deep-m,10000,8,200000,20000,3,par_close,3,4,dnc,16,54.8760
deep-m,10000,8,200000,20000,3,par_close,4,4,dnc,16,57.3223
deep-l,50000,16,1000000,100000,3,nelson_seq,0,4,dnc,16,698.8456
deep-l,50000,16,1000000,100000,3,nelson_seq,1,4,dnc,16,706.8100
deep-l,50000,16,1000000,100000,3,nelson_seq,2,4,dnc,16,704.8674
deep-l,50000,16,1000000,100000,3,nelson_seq,3,4,dnc,16,748.8766
deep-l,50000,16,1000000,100000,3,nelson_seq,4,4,dnc,16,698.9541
deep-l,50000,16,1000000,100000,3,par_close,0,4,dnc,16,203.9187
deep-l,50000,16,1000000,100000,3,par_close,1,4,dnc,16,203.3964
deep-l,50000,16,1000000,100000,3,par_close,2,4,dnc,16,203.6207
deep-l,50000,16,1000000,100000,3,par_close,3,4,dnc,16,205.0299
deep-l,50000,16,1000000,100000,3,par_close,4,4,dnc,16,205.8419
small,1000,4,10000,2000,1,nelson_seq,0,8,dnc,16,3.1355
small,1000,4,10000,2000,1,nelson_seq,1,8,dnc,16,3.1503
small,1000,4,10000,2000,1,nelson_seq,2,8,dnc,16,3.1733
small,1000,4,10000,2000,1,nelson_seq,3,8,dnc,16,3.2392
small,1000,4,10000,2000,1,nelson_seq,4,8,dnc,16,3.2438
small,1000,4,10000,2000,1,par_close,0,8,dnc,16,3.1763
small,1000,4,10000,2000,1,par_close,1,8,dnc,16,3.1495
small,1000,4,10000,2000,1,par_close,2,8,dnc,16,3.2440
small,1000,4,10000,2000,1,par_close,3,8,dnc,16,3.1145
small,1000,4,10000,2000,1,par_close,4,8,dnc,16,3.1138
medium,10000,8,200000,20000,1,nelson_seq,0,8,dnc,16,78.0916
medium,10000,8,200000,20000,1,nelson_seq,1,8,dnc,16,90.3032
medium,10000,8,200000,20000,1,nelson_seq,2,8,dnc,16,95.8015
medium,10000,8,200000,20000,1,nelson_seq,3,8,dnc,16,95.6945
medium,10000,8,200000,20000,1,nelson_seq,4,8,dnc,16,95.3694
medium,10000,8,200000,20000,1,par_close,0,8,dnc,16,24.7584
medium,10000,8,200000,20000,1,par_close,1,8,dnc,16,24.9458
medium,10000,8,200000,20000,1,par_close,2,8,dnc,16,24.1744
medium,10000,8,200000,20000,1,par_close,3,8,dnc,16,24.1461
medium,10000,8,200000,20000,1,par_close,4,8,dnc,16,24.8055
large,50000,16,1000000,100000,1,nelson_seq,0,8,dnc,16,726.9971
large,50000,16,1000000,100000,1,nelson_seq,1,8,dnc,16,738.9491
large,50000,16,1000000,100000,1,nelson_seq,2,8,dnc,16,728.0835
large,50000,16,1000000,100000,1,nelson_seq,3,8,dnc,16,748.2082
large,50000,16,1000000,100000,1,nelson_seq,4,8,dnc,16,726.5348
large,50000,16,1000000,100000,1,par_close,0,8,dnc,16,120.0477
large,50000,16,1000000,100000,1,par_close,1,8,dnc,16,112.2713
large,50000,16,1000000,100000,1,par_close,2,8,dnc,16,127.6743
large,50000,16,1000000,100000,1,par_close,3,8,dnc,16,128.6723
large,50000,16,1000000,100000,1,par_close,4,8,dnc,16,128.0136
deep-s,1000,4,10000,2000,3,nelson_seq,0,8,dnc,16,3.1807
deep-s,1000,4,10000,2000,3,nelson_seq,1,8,dnc,16,3.0536
deep-s,1000,4,10000,2000,3,nelson_seq,2,8,dnc,16,2.9514
deep-s,1000,4,10000,2000,3,nelson_seq,3,8,dnc,16,2.9578
deep-s,1000,4,10000,2000,3,nelson_seq,4,8,dnc,16,2.9780
deep-s,1000,4,10000,2000,3,par_close,0,8,dnc,16,2.5594
deep-s,1000,4,10000,2000,3,par_close,1,8,dnc,16,2.5452
deep-s,1000,4,10000,2000,3,par_close,2,8,dnc,16,2.5446
deep-s,1000,4,10000,2000,3,par_close,3,8,dnc,16,2.5335
deep-s,1000,4,10000,2000,3,par_close,4,8,dnc,16,2.5338
deep-m,10000,8,200000,20000,3,nelson_seq,0,8,dnc,16,115.9818
deep-m,10000,8,200000,20000,3,nelson_seq,1,8,dnc,16,118.4858
deep-m,10000,8,200000,20000,3,nelson_seq,2,8,dnc,16,134.7423
deep-m,10000,8,200000,20000,3,nelson_seq,3,8,dnc,16,119.1031
deep-m,10000,8,200000,20000,3,nelson_seq,4,8,dnc,16,94.4150
deep-m,10000,8,200000,20000,3,par_close,0,8,dnc,16,44.0769
deep-m,10000,8,200000,20000,3,par_close,1,8,dnc,16,42.2641
deep-m,10000,8,200000,20000,3,par_close,2,8,dnc,16,49.6799
deep-m,10000,8,200000,20000,3,par_close,3,8,dnc,16,41.8824
deep-m,10000,8,200000,20000,3,par_close,4,8,dnc,16,39.4169
deep-l,50000,16,1000000,100000,3,nelson_seq,0,8,dnc,16,683.7537
deep-l,50000,16,1000000,100000,3,nelson_seq,1,8,dnc,16,699.1380
deep-l,50000,16,1000000,100000,3,nelson_seq,2,8,dnc,16,691.5513
deep-l,50000,16,1000000,100000,3,nelson_seq,3,8,dnc,16,696.2310
deep-l,50000,16,1000000,100000,3,nelson_seq,4,8,dnc,16,740.6289
deep-l,50000,16,1000000,100000,3,par_close,0,8,dnc,16,95.5995
deep-l,50000,16,1000000,100000,3,par_close,1,8,dnc,16,116.1175
deep-l,50000,16,1000000,100000,3,par_close,2,8,dnc,16,131.1970
deep-l,50000,16,1000000,100000,3,par_close,3,8,dnc,16,125.1481
deep-l,50000,16,1000000,100000,3,par_close,4,8,dnc,16,118.1489
small,1000,4,10000,2000,1,nelson_seq,0,16,dnc,16,3.2503
small,1000,4,10000,2000,1,nelson_seq,1,16,dnc,16,3.2770
small,1000,4,10000,2000,1,nelson_seq,2,16,dnc,16,3.2247
small,1000,4,10000,2000,1,nelson_seq,3,16,dnc,16,3.3346
small,1000,4,10000,2000,1,nelson_seq,4,16,dnc,16,3.2125
small,1000,4,10000,2000,1,par_close,0,16,dnc,16,3.0930
small,1000,4,10000,2000,1,par_close,1,16,dnc,16,2.8570
small,1000,4,10000,2000,1,par_close,2,16,dnc,16,2.7667
small,1000,4,10000,2000,1,par_close,3,16,dnc,16,2.7312
small,1000,4,10000,2000,1,par_close,4,16,dnc,16,2.7422
medium,10000,8,200000,20000,1,nelson_seq,0,16,dnc,16,143.1264
medium,10000,8,200000,20000,1,nelson_seq,1,16,dnc,16,157.0386
medium,10000,8,200000,20000,1,nelson_seq,2,16,dnc,16,157.4419
medium,10000,8,200000,20000,1,nelson_seq,3,16,dnc,16,113.0978
medium,10000,8,200000,20000,1,nelson_seq,4,16,dnc,16,111.6100
medium,10000,8,200000,20000,1,par_close,0,16,dnc,16,15.8089
medium,10000,8,200000,20000,1,par_close,1,16,dnc,16,15.0177
medium,10000,8,200000,20000,1,par_close,2,16,dnc,16,17.0147
medium,10000,8,200000,20000,1,par_close,3,16,dnc,16,16.5393
medium,10000,8,200000,20000,1,par_close,4,16,dnc,16,14.3769
large,50000,16,1000000,100000,1,nelson_seq,0,16,dnc,16,742.4119
large,50000,16,1000000,100000,1,nelson_seq,1,16,dnc,16,747.8441
large,50000,16,1000000,100000,1,nelson_seq,2,16,dnc,16,735.1997
large,50000,16,1000000,100000,1,nelson_seq,3,16,dnc,16,758.7919
large,50000,16,1000000,100000,1,nelson_seq,4,16,dnc,16,736.8152
large,50000,16,1000000,100000,1,par_close,0,16,dnc,16,66.7628
large,50000,16,1000000,100000,1,par_close,1,16,dnc,16,71.3933
large,50000,16,1000000,100000,1,par_close,2,16,dnc,16,66.7328
large,50000,16,1000000,100000,1,par_close,3,16,dnc,16,65.2816
large,50000,16,1000000,100000,1,par_close,4,16,dnc,16,69.8159
deep-s,1000,4,10000,2000,3,nelson_seq,0,16,dnc,16,2.7836
deep-s,1000,4,10000,2000,3,nelson_seq,1,16,dnc,16,2.7851
deep-s,1000,4,10000,2000,3,nelson_seq,2,16,dnc,16,2.7582
deep-s,1000,4,10000,2000,3,nelson_seq,3,16,dnc,16,2.7162
deep-s,1000,4,10000,2000,3,nelson_seq,4,16,dnc,16,2.7322
deep-s,1000,4,10000,2000,3,par_close,0,16,dnc,16,2.2427
deep-s,1000,4,10000,2000,3,par_close,1,16,dnc,16,2.2683
deep-s,1000,4,10000,2000,3,par_close,2,16,dnc,16,2.2586
deep-s,1000,4,10000,2000,3,par_close,3,16,dnc,16,2.2932
deep-s,1000,4,10000,2000,3,par_close,4,16,dnc,16,2.4739
deep-m,10000,8,200000,20000,3,nelson_seq,0,16,dnc,16,80.1584
deep-m,10000,8,200000,20000,3,nelson_seq,1,16,dnc,16,78.0801
deep-m,10000,8,200000,20000,3,nelson_seq,2,16,dnc,16,78.7623
deep-m,10000,8,200000,20000,3,nelson_seq,3,16,dnc,16,79.0116
deep-m,10000,8,200000,20000,3,nelson_seq,4,16,dnc,16,79.2083
deep-m,10000,8,200000,20000,3,par_close,0,16,dnc,16,32.7917
deep-m,10000,8,200000,20000,3,par_close,1,16,dnc,16,33.3072
deep-m,10000,8,200000,20000,3,par_close,2,16,dnc,16,32.5127
deep-m,10000,8,200000,20000,3,par_close,3,16,dnc,16,33.9179
deep-m,10000,8,200000,20000,3,par_close,4,16,dnc,16,33.1183
deep-l,50000,16,1000000,100000,3,nelson_seq,0,16,dnc,16,691.8803
deep-l,50000,16,1000000,100000,3,nelson_seq,1,16,dnc,16,703.5818
deep-l,50000,16,1000000,100000,3,nelson_seq,2,16,dnc,16,699.8165
deep-l,50000,16,1000000,100000,3,nelson_seq,3,16,dnc,16,709.0772
deep-l,50000,16,1000000,100000,3,nelson_seq,4,16,dnc,16,697.3013
deep-l,50000,16,1000000,100000,3,par_close,0,16,dnc,16,61.7209
deep-l,50000,16,1000000,100000,3,par_close,1,16,dnc,16,58.4150
deep-l,50000,16,1000000,100000,3,par_close,2,16,dnc,16,56.7554
deep-l,50000,16,1000000,100000,3,par_close,3,16,dnc,16,58.1347
deep-l,50000,16,1000000,100000,3,par_close,4,16,dnc,16,58.4021
small,1000,4,10000,2000,1,nelson_seq,0,32,dnc,16,3.7762
small,1000,4,10000,2000,1,nelson_seq,1,32,dnc,16,3.7730
small,1000,4,10000,2000,1,nelson_seq,2,32,dnc,16,3.7355
small,1000,4,10000,2000,1,nelson_seq,3,32,dnc,16,3.7911
small,1000,4,10000,2000,1,nelson_seq,4,32,dnc,16,3.8506
small,1000,4,10000,2000,1,par_close,0,32,dnc,16,3.9218
small,1000,4,10000,2000,1,par_close,1,32,dnc,16,3.1914
small,1000,4,10000,2000,1,par_close,2,32,dnc,16,3.1469
small,1000,4,10000,2000,1,par_close,3,32,dnc,16,3.1278
small,1000,4,10000,2000,1,par_close,4,32,dnc,16,2.8316
medium,10000,8,200000,20000,1,nelson_seq,0,32,dnc,16,74.5215
medium,10000,8,200000,20000,1,nelson_seq,1,32,dnc,16,74.1405
medium,10000,8,200000,20000,1,nelson_seq,2,32,dnc,16,74.5644
medium,10000,8,200000,20000,1,nelson_seq,3,32,dnc,16,84.5271
medium,10000,8,200000,20000,1,nelson_seq,4,32,dnc,16,84.2899
medium,10000,8,200000,20000,1,par_close,0,32,dnc,16,11.6800
medium,10000,8,200000,20000,1,par_close,1,32,dnc,16,11.6481
medium,10000,8,200000,20000,1,par_close,2,32,dnc,16,11.6680
medium,10000,8,200000,20000,1,par_close,3,32,dnc,16,11.6592
medium,10000,8,200000,20000,1,par_close,4,32,dnc,16,11.9092
large,50000,16,1000000,100000,1,nelson_seq,0,32,dnc,16,774.8657
large,50000,16,1000000,100000,1,nelson_seq,1,32,dnc,16,769.4593
large,50000,16,1000000,100000,1,nelson_seq,2,32,dnc,16,760.3068
large,50000,16,1000000,100000,1,nelson_seq,3,32,dnc,16,763.2017
large,50000,16,1000000,100000,1,nelson_seq,4,32,dnc,16,763.6655
large,50000,16,1000000,100000,1,par_close,0,32,dnc,16,54.2628
large,50000,16,1000000,100000,1,par_close,1,32,dnc,16,51.7087
large,50000,16,1000000,100000,1,par_close,2,32,dnc,16,55.2302
large,50000,16,1000000,100000,1,par_close,3,32,dnc,16,53.1285
large,50000,16,1000000,100000,1,par_close,4,32,dnc,16,52.2142
deep-s,1000,4,10000,2000,3,nelson_seq,0,32,dnc,16,3.5463
deep-s,1000,4,10000,2000,3,nelson_seq,1,32,dnc,16,3.5333
deep-s,1000,4,10000,2000,3,nelson_seq,2,32,dnc,16,3.4597
deep-s,1000,4,10000,2000,3,nelson_seq,3,32,dnc,16,3.5382
deep-s,1000,4,10000,2000,3,nelson_seq,4,32,dnc,16,3.5298
deep-s,1000,4,10000,2000,3,par_close,0,32,dnc,16,2.4340
deep-s,1000,4,10000,2000,3,par_close,1,32,dnc,16,2.4254
deep-s,1000,4,10000,2000,3,par_close,2,32,dnc,16,2.4430
deep-s,1000,4,10000,2000,3,par_close,3,32,dnc,16,2.4005
deep-s,1000,4,10000,2000,3,par_close,4,32,dnc,16,2.4726
deep-m,10000,8,200000,20000,3,nelson_seq,0,32,dnc,16,82.7689
deep-m,10000,8,200000,20000,3,nelson_seq,1,32,dnc,16,84.8553
deep-m,10000,8,200000,20000,3,nelson_seq,2,32,dnc,16,82.9148
deep-m,10000,8,200000,20000,3,nelson_seq,3,32,dnc,16,83.6232
deep-m,10000,8,200000,20000,3,nelson_seq,4,32,dnc,16,81.4238
deep-m,10000,8,200000,20000,3,par_close,0,32,dnc,16,31.9368
deep-m,10000,8,200000,20000,3,par_close,1,32,dnc,16,32.0403
deep-m,10000,8,200000,20000,3,par_close,2,32,dnc,16,32.6323
deep-m,10000,8,200000,20000,3,par_close,3,32,dnc,16,31.3676
deep-m,10000,8,200000,20000,3,par_close,4,32,dnc,16,32.8567
deep-l,50000,16,1000000,100000,3,nelson_seq,0,32,dnc,16,696.8994
deep-l,50000,16,1000000,100000,3,nelson_seq,1,32,dnc,16,728.5321
deep-l,50000,16,1000000,100000,3,nelson_seq,2,32,dnc,16,721.8432
deep-l,50000,16,1000000,100000,3,nelson_seq,3,32,dnc,16,697.5922
deep-l,50000,16,1000000,100000,3,nelson_seq,4,32,dnc,16,693.9597
deep-l,50000,16,1000000,100000,3,par_close,0,32,dnc,16,39.7793
deep-l,50000,16,1000000,100000,3,par_close,1,32,dnc,16,39.4224
deep-l,50000,16,1000000,100000,3,par_close,2,32,dnc,16,40.6984
deep-l,50000,16,1000000,100000,3,par_close,3,32,dnc,16,39.4455
deep-l,50000,16,1000000,100000,3,par_close,4,32,dnc,16,40.8939
small,1000,4,10000,2000,1,nelson_seq,0,64,dnc,16,4.2300
small,1000,4,10000,2000,1,nelson_seq,1,64,dnc,16,4.0874
small,1000,4,10000,2000,1,nelson_seq,2,64,dnc,16,4.1626
small,1000,4,10000,2000,1,nelson_seq,3,64,dnc,16,4.1362
small,1000,4,10000,2000,1,nelson_seq,4,64,dnc,16,4.1674
small,1000,4,10000,2000,1,par_close,0,64,dnc,16,5.7843
small,1000,4,10000,2000,1,par_close,1,64,dnc,16,5.3415
small,1000,4,10000,2000,1,par_close,2,64,dnc,16,4.7193
small,1000,4,10000,2000,1,par_close,3,64,dnc,16,4.4707
small,1000,4,10000,2000,1,par_close,4,64,dnc,16,3.8120
medium,10000,8,200000,20000,1,nelson_seq,0,64,dnc,16,76.3089
medium,10000,8,200000,20000,1,nelson_seq,1,64,dnc,16,76.4529
medium,10000,8,200000,20000,1,nelson_seq,2,64,dnc,16,86.8138
medium,10000,8,200000,20000,1,nelson_seq,3,64,dnc,16,87.0339
medium,10000,8,200000,20000,1,nelson_seq,4,64,dnc,16,87.2860
medium,10000,8,200000,20000,1,par_close,0,64,dnc,16,13.1810
medium,10000,8,200000,20000,1,par_close,1,64,dnc,16,12.2457
medium,10000,8,200000,20000,1,par_close,2,64,dnc,16,12.5841
medium,10000,8,200000,20000,1,par_close,3,64,dnc,16,12.1284
medium,10000,8,200000,20000,1,par_close,4,64,dnc,16,11.6560
large,50000,16,1000000,100000,1,nelson_seq,0,64,dnc,16,807.8427
large,50000,16,1000000,100000,1,nelson_seq,1,64,dnc,16,802.6399
large,50000,16,1000000,100000,1,nelson_seq,2,64,dnc,16,768.6280
large,50000,16,1000000,100000,1,nelson_seq,3,64,dnc,16,755.5451
large,50000,16,1000000,100000,1,nelson_seq,4,64,dnc,16,765.2208
large,50000,16,1000000,100000,1,par_close,0,64,dnc,16,50.3185
large,50000,16,1000000,100000,1,par_close,1,64,dnc,16,44.9115
large,50000,16,1000000,100000,1,par_close,2,64,dnc,16,43.5723
large,50000,16,1000000,100000,1,par_close,3,64,dnc,16,46.0654
large,50000,16,1000000,100000,1,par_close,4,64,dnc,16,45.4153
deep-s,1000,4,10000,2000,3,nelson_seq,0,64,dnc,16,3.0845
deep-s,1000,4,10000,2000,3,nelson_seq,1,64,dnc,16,3.0928
deep-s,1000,4,10000,2000,3,nelson_seq,2,64,dnc,16,3.1817
deep-s,1000,4,10000,2000,3,nelson_seq,3,64,dnc,16,3.1432
deep-s,1000,4,10000,2000,3,nelson_seq,4,64,dnc,16,3.3274
deep-s,1000,4,10000,2000,3,par_close,0,64,dnc,16,2.7329
deep-s,1000,4,10000,2000,3,par_close,1,64,dnc,16,2.9172
deep-s,1000,4,10000,2000,3,par_close,2,64,dnc,16,2.8593
deep-s,1000,4,10000,2000,3,par_close,3,64,dnc,16,2.8389
deep-s,1000,4,10000,2000,3,par_close,4,64,dnc,16,2.7847
deep-m,10000,8,200000,20000,3,nelson_seq,0,64,dnc,16,78.5741
deep-m,10000,8,200000,20000,3,nelson_seq,1,64,dnc,16,79.1914
deep-m,10000,8,200000,20000,3,nelson_seq,2,64,dnc,16,81.9025
deep-m,10000,8,200000,20000,3,nelson_seq,3,64,dnc,16,81.3222
deep-m,10000,8,200000,20000,3,nelson_seq,4,64,dnc,16,81.5816
deep-m,10000,8,200000,20000,3,par_close,0,64,dnc,16,36.6306
deep-m,10000,8,200000,20000,3,par_close,1,64,dnc,16,35.9610
deep-m,10000,8,200000,20000,3,par_close,2,64,dnc,16,37.2313
deep-m,10000,8,200000,20000,3,par_close,3,64,dnc,16,36.0014
deep-m,10000,8,200000,20000,3,par_close,4,64,dnc,16,35.8273
deep-l,50000,16,1000000,100000,3,nelson_seq,0,64,dnc,16,701.6353
deep-l,50000,16,1000000,100000,3,nelson_seq,1,64,dnc,16,691.0426
deep-l,50000,16,1000000,100000,3,nelson_seq,2,64,dnc,16,700.0641
deep-l,50000,16,1000000,100000,3,nelson_seq,3,64,dnc,16,713.6483
deep-l,50000,16,1000000,100000,3,nelson_seq,4,64,dnc,16,705.3222
deep-l,50000,16,1000000,100000,3,par_close,0,64,dnc,16,37.8088
deep-l,50000,16,1000000,100000,3,par_close,1,64,dnc,16,36.7904
deep-l,50000,16,1000000,100000,3,par_close,2,64,dnc,16,35.6444
deep-l,50000,16,1000000,100000,3,par_close,3,64,dnc,16,36.5508
deep-l,50000,16,1000000,100000,3,par_close,4,64,dnc,16,34.2602
small,1000,4,10000,2000,1,nelson_seq,0,128,dnc,16,5.3611
small,1000,4,10000,2000,1,nelson_seq,1,128,dnc,16,5.1874
small,1000,4,10000,2000,1,nelson_seq,2,128,dnc,16,5.2115
small,1000,4,10000,2000,1,nelson_seq,3,128,dnc,16,5.1305
small,1000,4,10000,2000,1,nelson_seq,4,128,dnc,16,5.1589
small,1000,4,10000,2000,1,par_close,0,128,dnc,16,6.9039
small,1000,4,10000,2000,1,par_close,1,128,dnc,16,8.0553
small,1000,4,10000,2000,1,par_close,2,128,dnc,16,5.6346
small,1000,4,10000,2000,1,par_close,3,128,dnc,16,5.8394
small,1000,4,10000,2000,1,par_close,4,128,dnc,16,5.6906
medium,10000,8,200000,20000,1,nelson_seq,0,128,dnc,16,82.5107
medium,10000,8,200000,20000,1,nelson_seq,1,128,dnc,16,81.5870
medium,10000,8,200000,20000,1,nelson_seq,2,128,dnc,16,82.5174
medium,10000,8,200000,20000,1,nelson_seq,3,128,dnc,16,80.9441
medium,10000,8,200000,20000,1,nelson_seq,4,128,dnc,16,84.4075
medium,10000,8,200000,20000,1,par_close,0,128,dnc,16,12.5660
medium,10000,8,200000,20000,1,par_close,1,128,dnc,16,11.5198
medium,10000,8,200000,20000,1,par_close,2,128,dnc,16,12.0284
medium,10000,8,200000,20000,1,par_close,3,128,dnc,16,11.1419
medium,10000,8,200000,20000,1,par_close,4,128,dnc,16,12.1820
large,50000,16,1000000,100000,1,nelson_seq,0,128,dnc,16,815.4745
large,50000,16,1000000,100000,1,nelson_seq,1,128,dnc,16,804.7298
large,50000,16,1000000,100000,1,nelson_seq,2,128,dnc,16,803.2206
large,50000,16,1000000,100000,1,nelson_seq,3,128,dnc,16,812.1557
large,50000,16,1000000,100000,1,nelson_seq,4,128,dnc,16,930.2287
large,50000,16,1000000,100000,1,par_close,0,128,dnc,16,48.4362
large,50000,16,1000000,100000,1,par_close,1,128,dnc,16,42.9683
large,50000,16,1000000,100000,1,par_close,2,128,dnc,16,44.8612
large,50000,16,1000000,100000,1,par_close,3,128,dnc,16,43.4535
large,50000,16,1000000,100000,1,par_close,4,128,dnc,16,40.8958
deep-s,1000,4,10000,2000,3,nelson_seq,0,128,dnc,16,3.4291
deep-s,1000,4,10000,2000,3,nelson_seq,1,128,dnc,16,3.4127
deep-s,1000,4,10000,2000,3,nelson_seq,2,128,dnc,16,3.4802
deep-s,1000,4,10000,2000,3,nelson_seq,3,128,dnc,16,3.4538
deep-s,1000,4,10000,2000,3,nelson_seq,4,128,dnc,16,3.6558
deep-s,1000,4,10000,2000,3,par_close,0,128,dnc,16,3.2935
deep-s,1000,4,10000,2000,3,par_close,1,128,dnc,16,3.1820
deep-s,1000,4,10000,2000,3,par_close,2,128,dnc,16,3.1879
deep-s,1000,4,10000,2000,3,par_close,3,128,dnc,16,3.1343
deep-s,1000,4,10000,2000,3,par_close,4,128,dnc,16,4.1141
deep-m,10000,8,200000,20000,3,nelson_seq,0,128,dnc,16,89.4313
deep-m,10000,8,200000,20000,3,nelson_seq,1,128,dnc,16,89.0710
deep-m,10000,8,200000,20000,3,nelson_seq,2,128,dnc,16,89.9610
deep-m,10000,8,200000,20000,3,nelson_seq,3,128,dnc,16,93.1079
deep-m,10000,8,200000,20000,3,nelson_seq,4,128,dnc,16,89.2472
deep-m,10000,8,200000,20000,3,par_close,0,128,dnc,16,37.6699
deep-m,10000,8,200000,20000,3,par_close,1,128,dnc,16,37.9488
deep-m,10000,8,200000,20000,3,par_close,2,128,dnc,16,38.0238
deep-m,10000,8,200000,20000,3,par_close,3,128,dnc,16,37.8016
deep-m,10000,8,200000,20000,3,par_close,4,128,dnc,16,37.8881
deep-l,50000,16,1000000,100000,3,nelson_seq,0,128,dnc,16,722.5445
deep-l,50000,16,1000000,100000,3,nelson_seq,1,128,dnc,16,713.8358
deep-l,50000,16,1000000,100000,3,nelson_seq,2,128,dnc,16,736.1734
deep-l,50000,16,1000000,100000,3,nelson_seq,3,128,dnc,16,729.8408
deep-l,50000,16,1000000,100000,3,nelson_seq,4,128,dnc,16,743.8583
deep-l,50000,16,1000000,100000,3,par_close,0,128,dnc,16,33.2384
deep-l,50000,16,1000000,100000,3,par_close,1,128,dnc,16,34.7463
deep-l,50000,16,1000000,100000,3,par_close,2,128,dnc,16,30.6955
deep-l,50000,16,1000000,100000,3,par_close,3,128,dnc,16,31.3386
deep-l,50000,16,1000000,100000,3,par_close,4,128,dnc,16,31.8150
small,1000,4,10000,2000,1,nelson_seq,0,144,dnc,16,6.0480
small,1000,4,10000,2000,1,nelson_seq,1,144,dnc,16,5.8980
small,1000,4,10000,2000,1,nelson_seq,2,144,dnc,16,5.8000
small,1000,4,10000,2000,1,nelson_seq,3,144,dnc,16,5.7460
small,1000,4,10000,2000,1,nelson_seq,4,144,dnc,16,5.7380
small,1000,4,10000,2000,1,par_close,0,144,dnc,16,6.8876
small,1000,4,10000,2000,1,par_close,1,144,dnc,16,6.4302
small,1000,4,10000,2000,1,par_close,2,144,dnc,16,7.0428
small,1000,4,10000,2000,1,par_close,3,144,dnc,16,6.0189
small,1000,4,10000,2000,1,par_close,4,144,dnc,16,5.5567
medium,10000,8,200000,20000,1,nelson_seq,0,144,dnc,16,116.1538
medium,10000,8,200000,20000,1,nelson_seq,1,144,dnc,16,120.3268
medium,10000,8,200000,20000,1,nelson_seq,2,144,dnc,16,115.9852
medium,10000,8,200000,20000,1,nelson_seq,3,144,dnc,16,103.6311
medium,10000,8,200000,20000,1,nelson_seq,4,144,dnc,16,100.1184
medium,10000,8,200000,20000,1,par_close,0,144,dnc,16,13.2936
medium,10000,8,200000,20000,1,par_close,1,144,dnc,16,12.9602
medium,10000,8,200000,20000,1,par_close,2,144,dnc,16,12.2804
medium,10000,8,200000,20000,1,par_close,3,144,dnc,16,12.2325
medium,10000,8,200000,20000,1,par_close,4,144,dnc,16,11.4639
large,50000,16,1000000,100000,1,nelson_seq,0,144,dnc,16,850.0574
large,50000,16,1000000,100000,1,nelson_seq,1,144,dnc,16,849.7536
large,50000,16,1000000,100000,1,nelson_seq,2,144,dnc,16,862.6136
large,50000,16,1000000,100000,1,nelson_seq,3,144,dnc,16,797.3548
large,50000,16,1000000,100000,1,nelson_seq,4,144,dnc,16,850.8964
large,50000,16,1000000,100000,1,par_close,0,144,dnc,16,50.8251
large,50000,16,1000000,100000,1,par_close,1,144,dnc,16,44.9378
large,50000,16,1000000,100000,1,par_close,2,144,dnc,16,43.9250
large,50000,16,1000000,100000,1,par_close,3,144,dnc,16,43.9344
large,50000,16,1000000,100000,1,par_close,4,144,dnc,16,42.6993
deep-s,1000,4,10000,2000,3,nelson_seq,0,144,dnc,16,4.3710
deep-s,1000,4,10000,2000,3,nelson_seq,1,144,dnc,16,4.3496
deep-s,1000,4,10000,2000,3,nelson_seq,2,144,dnc,16,4.3450
deep-s,1000,4,10000,2000,3,nelson_seq,3,144,dnc,16,4.3530
deep-s,1000,4,10000,2000,3,nelson_seq,4,144,dnc,16,4.3688
deep-s,1000,4,10000,2000,3,par_close,0,144,dnc,16,3.4152
deep-s,1000,4,10000,2000,3,par_close,1,144,dnc,16,3.3482
deep-s,1000,4,10000,2000,3,par_close,2,144,dnc,16,3.6079
deep-s,1000,4,10000,2000,3,par_close,3,144,dnc,16,3.5404
deep-s,1000,4,10000,2000,3,par_close,4,144,dnc,16,3.4446
deep-m,10000,8,200000,20000,3,nelson_seq,0,144,dnc,16,93.2600
deep-m,10000,8,200000,20000,3,nelson_seq,1,144,dnc,16,93.4165
deep-m,10000,8,200000,20000,3,nelson_seq,2,144,dnc,16,94.8106
deep-m,10000,8,200000,20000,3,nelson_seq,3,144,dnc,16,93.7116
deep-m,10000,8,200000,20000,3,nelson_seq,4,144,dnc,16,92.8410
deep-m,10000,8,200000,20000,3,par_close,0,144,dnc,16,38.7409
deep-m,10000,8,200000,20000,3,par_close,1,144,dnc,16,38.4212
deep-m,10000,8,200000,20000,3,par_close,2,144,dnc,16,40.5859
deep-m,10000,8,200000,20000,3,par_close,3,144,dnc,16,38.2080
deep-m,10000,8,200000,20000,3,par_close,4,144,dnc,16,37.8929
deep-l,50000,16,1000000,100000,3,nelson_seq,0,144,dnc,16,736.3364
deep-l,50000,16,1000000,100000,3,nelson_seq,1,144,dnc,16,724.4718
deep-l,50000,16,1000000,100000,3,nelson_seq,2,144,dnc,16,971.1040
deep-l,50000,16,1000000,100000,3,nelson_seq,3,144,dnc,16,959.9760
deep-l,50000,16,1000000,100000,3,nelson_seq,4,144,dnc,16,942.4242
deep-l,50000,16,1000000,100000,3,par_close,0,144,dnc,16,37.2309
deep-l,50000,16,1000000,100000,3,par_close,1,144,dnc,16,32.7697
deep-l,50000,16,1000000,100000,3,par_close,2,144,dnc,16,29.7882
deep-l,50000,16,1000000,100000,3,par_close,3,144,dnc,16,31.1752
deep-l,50000,16,1000000,100000,3,par_close,4,144,dnc,16,30.1667
