workload,parlay_threads,round,work,frontier,next,consolidate_ms,frontier_ms,semisort_ms,keyed_ms,group_by_ms,per_group_ms
2XL,1,0,99964,2665698,1332660,19.534,3.527,811.813,0.000,125.763,44.565
2XL,1,1,1332660,2665302,1331386,321.072,25.777,1066.748,0.000,138.099,73.888
2XL,1,2,1331386,2662670,18,511.799,48.665,1241.255,0.000,385.525,89.674
2XL,1,3,18,0,0,0.020,0.003,0.000,,,
2XL,1,0,99964,2665698,1332660,21.122,3.615,814.039,0.000,125.700,44.428
2XL,1,1,1332660,2665302,1331386,321.161,25.834,1078.496,0.000,143.649,80.606
2XL,1,2,1331386,2662670,18,510.220,48.621,1235.007,0.000,380.347,85.898
2XL,1,3,18,0,0,0.020,0.003,0.000,,,
2XL,1,0,99964,2665698,1332660,22.065,3.542,808.288,0.000,125.332,44.560
2XL,1,1,1332660,2665302,1331386,315.207,25.811,1070.828,0.000,137.786,77.816
2XL,1,2,1331386,2662670,18,515.723,49.038,1322.998,0.000,426.711,111.732
2XL,1,3,18,0,0,0.020,0.003,0.000,,,
2XL,1,0,99964,2665698,1332660,22.437,3.586,809.849,0.000,124.271,44.418
2XL,1,1,1332660,2665302,1331386,315.863,25.805,1086.848,0.000,145.104,83.833
2XL,1,2,1331386,2662670,18,516.270,50.467,1330.621,0.000,425.627,111.850
2XL,1,3,18,0,0,0.021,0.003,0.000,,,
2XL,1,0,99964,2665698,1332660,22.475,3.565,815.237,0.000,125.257,44.513
2XL,1,1,1332660,2665302,1331386,320.228,26.277,1069.787,0.000,138.430,78.701
2XL,1,2,1331386,2662670,18,511.309,50.168,1339.590,0.000,436.810,115.853
2XL,1,3,18,0,0,0.020,0.003,0.000,,,
2XL,1,0,99964,2665698,1332660,22.241,3.517,815.183,0.000,125.835,44.461
2XL,1,1,1332660,2665302,1331386,321.432,26.138,1077.559,0.000,143.178,82.486
2XL,1,2,1331386,2662670,18,512.970,50.150,1338.340,0.000,434.769,117.132
2XL,1,3,18,0,0,0.019,0.003,0.000,,,
2XL,128,0,99964,2665698,1332660,3.071,0.830,37.628,0.000,14.830,6.435
2XL,128,1,1332660,2665302,1331386,18.612,3.766,85.131,0.000,23.598,2.791
2XL,128,2,1331386,2662670,18,16.532,6.111,28.307,0.000,9.463,6.059
2XL,128,3,18,0,0,0.028,0.006,0.000,,,
2XL,128,0,99964,2665698,1332660,2.913,1.850,28.132,0.000,8.495,6.190
2XL,128,1,1332660,2665302,1331386,13.094,3.472,83.056,0.000,19.911,2.608
2XL,128,2,1331386,2662670,18,11.953,4.013,25.701,0.000,9.379,3.401
2XL,128,3,18,0,0,0.029,0.006,0.000,,,
2XL,128,0,99964,2665698,1332660,2.108,0.820,24.809,0.000,8.145,4.060
2XL,128,1,1332660,2665302,1331386,13.013,4.177,68.584,0.000,6.224,2.619
2XL,128,2,1331386,2662670,18,15.015,3.893,26.830,0.000,10.028,3.417
2XL,128,3,18,0,0,0.027,0.006,0.000,,,
2XL,128,0,99964,2665698,1332660,2.067,0.878,25.161,0.000,8.668,4.043
2XL,128,1,1332660,2665302,1331386,11.261,4.048,81.423,0.000,19.234,2.629
2XL,128,2,1331386,2662670,18,11.887,4.065,26.066,0.000,9.622,3.415
2XL,128,3,18,0,0,0.028,0.006,0.000,,,
2XL,128,0,99964,2665698,1332660,1.929,0.875,28.195,0.000,10.275,5.422
2XL,128,1,1332660,2665302,1331386,12.257,3.710,78.180,0.000,15.752,2.614
2XL,128,2,1331386,2662670,18,11.535,4.728,26.106,0.000,9.483,3.455
2XL,128,3,18,0,0,0.032,0.006,0.000,,,
2XL,128,0,99964,2665698,1332660,1.852,0.838,27.103,0.000,8.433,4.728
2XL,128,1,1332660,2665302,1331386,11.553,3.991,69.790,0.000,6.209,2.606
2XL,128,2,1331386,2662670,18,11.676,5.754,26.202,0.000,9.582,3.474
2XL,128,3,18,0,0,0.032,0.006,0.000,,,
2XL,16,0,99964,2665698,1332660,7.758,2.467,74.850,0.000,12.887,17.555
2XL,16,1,1332660,2665302,1331386,33.529,4.240,124.430,0.000,17.038,10.934
2XL,16,2,1331386,2662670,18,48.111,6.648,99.808,0.000,36.102,9.422
2XL,16,3,18,0,0,0.022,0.005,0.000,,,
2XL,16,0,99964,2665698,1332660,2.699,0.838,73.481,0.000,11.122,18.315
2XL,16,1,1332660,2665302,1331386,32.359,3.466,120.555,0.000,11.010,11.462
2XL,16,2,1331386,2662670,18,46.687,5.234,99.448,0.000,36.467,9.129
2XL,16,3,18,0,0,0.020,0.003,0.000,,,
2XL,16,0,99964,2665698,1332660,2.887,0.828,70.672,0.000,10.515,16.235
2XL,16,1,1332660,2665302,1331386,32.766,4.068,121.742,0.000,12.729,11.232
2XL,16,2,1331386,2662670,18,46.984,4.158,100.679,0.000,36.890,9.422
2XL,16,3,18,0,0,0.021,0.005,0.000,,,
2XL,16,0,99964,2665698,1332660,3.665,1.539,72.148,0.000,9.745,18.862
2XL,16,1,1332660,2665302,1331386,32.915,4.645,121.199,0.000,10.979,12.044
2XL,16,2,1331386,2662670,18,47.439,5.381,101.065,0.000,36.874,9.408
2XL,16,3,18,0,0,0.021,0.005,0.000,,,
2XL,16,0,99964,2665698,1332660,3.661,0.818,71.775,0.000,11.107,16.892
2XL,16,1,1332660,2665302,1331386,32.744,3.826,120.649,0.000,10.726,12.024
2XL,16,2,1331386,2662670,18,47.386,5.192,102.131,0.000,37.348,9.642
2XL,16,3,18,0,0,0.021,0.005,0.000,,,
2XL,16,0,99964,2665698,1332660,2.760,0.800,70.536,0.000,10.688,15.981
2XL,16,1,1332660,2665302,1331386,32.293,3.815,121.266,0.000,10.969,12.254
2XL,16,2,1331386,2662670,18,46.941,5.235,102.088,0.000,37.450,9.607
2XL,16,3,18,0,0,0.023,0.006,0.000,,,
2XL,2,0,99964,2665698,1332660,14.710,1.735,492.991,0.000,59.802,85.950
2XL,2,1,1332660,2665302,1331386,194.085,12.300,595.474,0.000,67.528,72.132
2XL,2,2,1331386,2662670,18,302.852,24.766,689.646,0.000,211.397,51.879
2XL,2,3,18,0,0,0.020,0.003,0.000,,,
2XL,2,0,99964,2665698,1332660,13.976,1.754,489.004,0.000,58.530,85.501
2XL,2,1,1332660,2665302,1331386,193.996,12.755,614.424,0.000,69.651,78.730
2XL,2,2,1331386,2662670,18,303.616,25.697,687.112,0.000,207.332,48.619
2XL,2,3,18,0,0,0.022,0.004,0.000,,,
2XL,2,0,99964,2665698,1332660,15.074,1.650,487.495,0.000,58.352,85.572
2XL,2,1,1332660,2665302,1331386,193.549,12.319,610.586,0.000,65.911,76.479
2XL,2,2,1331386,2662670,18,303.670,26.260,755.652,0.000,243.303,65.193
2XL,2,3,18,0,0,0.020,0.003,0.000,,,
2XL,2,0,99964,2665698,1332660,13.903,1.747,486.476,0.000,57.756,85.297
2XL,2,1,1332660,2665302,1331386,192.469,12.364,614.556,0.000,69.814,79.709
2XL,2,2,1331386,2662670,18,303.487,25.881,755.890,0.000,242.768,63.729
2XL,2,3,18,0,0,0.023,0.004,0.000,,,
2XL,2,0,99964,2665698,1332660,15.125,1.667,487.678,0.000,58.095,85.797
2XL,2,1,1332660,2665302,1331386,193.981,12.232,609.493,0.000,65.954,76.398
2XL,2,2,1331386,2662670,18,304.910,25.787,766.633,0.000,246.034,67.153
2XL,2,3,18,0,0,0.019,0.003,0.000,,,
2XL,2,0,99964,2665698,1332660,14.070,1.712,489.981,0.000,58.067,85.784
2XL,2,1,1332660,2665302,1331386,194.377,12.550,616.000,0.000,70.290,79.683
2XL,2,2,1331386,2662670,18,303.864,26.543,766.245,0.000,246.147,66.927
2XL,2,3,18,0,0,0.020,0.003,0.000,,,
2XL,32,0,99964,2665698,1332660,2.917,0.849,47.970,0.000,11.290,10.710
2XL,32,1,1332660,2665302,1331386,21.885,3.412,96.028,0.000,15.617,6.557
2XL,32,2,1331386,2662670,18,31.079,5.185,55.542,0.000,20.722,6.301
2XL,32,3,18,0,0,0.021,0.005,0.000,,,
2XL,32,0,99964,2665698,1332660,2.007,0.890,43.543,0.000,8.431,10.665
2XL,32,1,1332660,2665302,1331386,18.888,3.487,91.201,0.000,10.911,6.551
2XL,32,2,1331386,2662670,18,27.540,3.616,54.065,0.000,20.043,5.745
2XL,32,3,18,0,0,0.021,0.005,0.000,,,
2XL,32,0,99964,2665698,1332660,2.000,0.889,43.758,0.000,8.167,10.091
2XL,32,1,1332660,2665302,1331386,17.994,3.328,88.840,0.000,7.131,6.275
2XL,32,2,1331386,2662670,18,26.120,4.294,56.526,0.000,20.579,5.750
2XL,32,3,18,0,0,0.024,0.005,0.000,,,
2XL,32,0,99964,2665698,1332660,1.948,0.919,46.597,0.000,9.573,11.215
2XL,32,1,1332660,2665302,1331386,18.135,3.531,101.359,0.000,7.348,6.517
2XL,32,2,1331386,2662670,18,26.101,3.489,56.670,0.000,20.412,5.865
2XL,32,3,18,0,0,0.023,0.005,0.000,,,
2XL,32,0,99964,2665698,1332660,2.757,0.887,44.313,0.000,8.598,10.009
2XL,32,1,1332660,2665302,1331386,19.067,3.616,90.212,0.000,7.419,6.185
2XL,32,2,1331386,2662670,18,27.362,4.436,57.438,0.000,20.509,5.852
2XL,32,3,18,0,0,0.023,0.005,0.000,,,
2XL,32,0,99964,2665698,1332660,1.986,0.886,43.065,0.000,8.402,8.882
2XL,32,1,1332660,2665302,1331386,19.571,3.753,93.673,0.000,10.281,6.707
2XL,32,2,1331386,2662670,18,26.956,4.422,58.119,0.000,20.805,5.934
2XL,32,3,18,0,0,0.025,0.005,0.000,,,
2XL,4,0,99964,2665698,1332660,9.166,1.216,264.580,0.000,31.351,48.663
2XL,4,1,1332660,2665302,1331386,105.780,6.600,327.063,0.000,36.402,38.715
2XL,4,2,1331386,2662670,18,161.152,13.678,406.879,0.000,129.656,38.625
2XL,4,3,18,0,0,0.020,0.003,0.000,,,
2XL,4,0,99964,2665698,1332660,8.453,1.205,256.216,0.000,29.812,47.897
2XL,4,1,1332660,2665302,1331386,110.189,7.714,323.841,0.000,36.334,41.879
2XL,4,2,1331386,2662670,18,161.425,13.356,413.049,0.000,133.921,40.096
2XL,4,3,18,0,0,0.020,0.004,0.000,,,
2XL,4,0,99964,2665698,1332660,8.636,1.083,254.722,0.000,29.362,48.299
2XL,4,1,1332660,2665302,1331386,110.747,7.360,325.874,0.000,34.792,41.022
2XL,4,2,1331386,2662670,18,164.370,14.278,401.117,0.000,128.156,37.328
2XL,4,3,18,0,0,0.023,0.005,0.000,,,
2XL,4,0,99964,2665698,1332660,9.206,1.045,255.608,0.000,29.432,48.652
2XL,4,1,1332660,2665302,1331386,109.763,7.519,329.427,0.000,35.951,42.018
2XL,4,2,1331386,2662670,18,162.956,14.259,408.772,0.000,131.205,39.688
2XL,4,3,18,0,0,0.022,0.005,0.000,,,
2XL,4,0,99964,2665698,1332660,8.811,1.090,256.023,0.000,29.998,47.767
2XL,4,1,1332660,2665302,1331386,104.650,7.174,326.910,0.000,35.053,40.807
2XL,4,2,1331386,2662670,18,163.245,15.013,409.687,0.000,132.536,39.763
2XL,4,3,18,0,0,0.020,0.004,0.000,,,
2XL,4,0,99964,2665698,1332660,10.298,1.234,286.614,0.000,30.218,48.558
2XL,4,1,1332660,2665302,1331386,110.240,8.201,368.484,0.000,37.124,38.666
2XL,4,2,1331386,2662670,18,173.180,14.819,465.083,0.000,143.015,47.331
2XL,4,3,18,0,0,0.024,0.005,0.000,,,
2XL,64,0,99964,2665698,1332660,2.905,2.165,38.758,0.000,12.985,7.702
2XL,64,1,1332660,2665302,1331386,16.693,3.162,84.982,0.000,17.762,3.885
2XL,64,2,1331386,2662670,18,19.332,6.720,35.435,0.000,13.042,5.315
2XL,64,3,18,0,0,0.022,0.005,0.000,,,
2XL,64,0,99964,2665698,1332660,2.622,0.869,30.254,0.000,7.901,6.894
2XL,64,1,1332660,2665302,1331386,12.979,3.486,79.639,0.000,13.927,3.160
2XL,64,2,1331386,2662670,18,15.355,3.540,34.125,0.000,13.089,4.015
2XL,64,3,18,0,0,0.022,0.005,0.000,,,
2XL,64,0,99964,2665698,1332660,1.671,0.911,32.222,0.000,8.425,8.127
2XL,64,1,1332660,2665302,1331386,12.956,3.253,79.938,0.000,14.133,3.129
2XL,64,2,1331386,2662670,18,15.661,3.559,34.077,0.000,12.860,4.102
2XL,64,3,18,0,0,0.026,0.005,0.000,,,
2XL,64,0,99964,2665698,1332660,2.644,0.869,33.727,0.000,9.795,7.865
2XL,64,1,1332660,2665302,1331386,13.857,3.638,78.620,0.000,12.343,3.111
2XL,64,2,1331386,2662670,18,15.582,4.807,34.914,0.000,13.777,4.014
2XL,64,3,18,0,0,0.022,0.006,0.000,,,
2XL,64,0,99964,2665698,1332660,1.875,0.901,30.828,0.000,8.336,7.446
2XL,64,1,1332660,2665302,1331386,12.612,3.491,72.825,0.000,6.470,3.206
2XL,64,2,1331386,2662670,18,16.443,3.596,34.848,0.000,13.351,4.098
2XL,64,3,18,0,0,0.022,0.005,0.000,,,
2XL,64,0,99964,2665698,1332660,2.445,0.895,30.621,0.000,9.921,5.767
2XL,64,1,1332660,2665302,1331386,12.670,3.298,72.904,0.000,6.664,3.232
2XL,64,2,1331386,2662670,18,15.433,3.635,35.195,0.000,13.801,4.102
2XL,64,3,18,0,0,0.024,0.005,0.000,,,
2XL,8,0,99964,2665698,1332660,5.934,0.826,144.401,0.000,19.878,29.873
2XL,8,1,1332660,2665302,1331386,60.588,4.579,201.777,0.000,22.205,22.055
2XL,8,2,1331386,2662670,18,88.329,8.543,218.845,0.000,72.409,20.966
2XL,8,3,18,0,0,0.024,0.004,0.000,,,
2XL,8,0,99964,2665698,1332660,5.797,0.909,140.089,0.000,18.015,27.895
2XL,8,1,1332660,2665302,1331386,60.576,4.766,199.491,0.000,18.856,23.248
2XL,8,2,1331386,2662670,18,89.062,8.513,217.166,0.000,71.964,20.536
2XL,8,3,18,0,0,0.023,0.005,0.000,,,
2XL,8,0,99964,2665698,1332660,5.909,0.823,139.304,0.000,18.129,27.916
2XL,8,1,1332660,2665302,1331386,59.312,5.025,197.257,0.000,18.511,21.120
2XL,8,2,1331386,2662670,18,88.471,8.037,220.135,0.000,73.653,21.213
2XL,8,3,18,0,0,0.023,0.005,0.000,,,
2XL,8,0,99964,2665698,1332660,5.373,0.822,139.203,0.000,16.737,28.902
2XL,8,1,1332660,2665302,1331386,60.135,5.096,196.585,0.000,19.487,20.547
2XL,8,2,1331386,2662670,18,88.642,8.431,218.365,0.000,73.126,20.463
2XL,8,3,18,0,0,0.024,0.005,0.000,,,
2XL,8,0,99964,2665698,1332660,5.914,0.872,140.467,0.000,18.301,27.700
2XL,8,1,1332660,2665302,1331386,58.305,4.432,197.443,0.000,20.593,18.977
2XL,8,2,1331386,2662670,18,90.445,8.404,222.872,0.000,75.391,21.939
2XL,8,3,18,0,0,0.029,0.005,0.000,,,
2XL,8,0,99964,2665698,1332660,5.861,0.882,137.589,0.000,17.169,26.441
2XL,8,1,1332660,2665302,1331386,58.776,5.181,197.135,0.000,19.267,20.343
2XL,8,2,1331386,2662670,18,88.031,9.601,218.217,0.000,71.392,20.207
2XL,8,3,18,0,0,0.023,0.004,0.000,,,
4XL,1,0,100000,5333332,2666666,20.432,7.279,1733.188,0.000,252.907,125.699
4XL,1,1,2666666,5333332,2666666,701.562,55.026,2190.230,0.000,275.569,163.261
4XL,1,2,2666666,5333336,112,950.028,75.578,2865.604,0.000,817.175,196.345
4XL,1,3,112,0,0,0.129,0.008,0.000,,,
4XL,1,0,100000,5333332,2666666,21.213,6.936,1728.462,0.000,252.063,125.723
4XL,1,1,2666666,5333332,2666666,707.154,52.268,2202.065,0.000,271.999,164.710
4XL,1,2,2666666,5333336,112,957.598,78.417,2858.317,0.000,810.233,190.441
4XL,1,3,112,0,0,0.128,0.008,0.000,,,
4XL,1,0,100000,5333332,2666666,21.085,7.161,1719.819,0.000,251.990,125.175
4XL,1,1,2666666,5333332,2666666,695.386,52.096,2179.808,0.000,260.683,162.327
4XL,1,2,2666666,5333336,112,960.332,78.960,3115.522,0.000,930.527,259.853
4XL,1,3,112,0,0,0.129,0.008,0.000,,,
4XL,1,0,100000,5333332,2666666,21.177,7.014,1700.257,0.000,250.907,125.697
4XL,1,1,2666666,5333332,2666666,696.702,52.269,2198.228,0.000,271.634,165.574
4XL,1,2,2666666,5333336,112,959.570,78.920,3123.175,0.000,939.119,257.483
4XL,1,3,112,0,0,0.128,0.008,0.000,,,
4XL,1,0,100000,5333332,2666666,21.050,7.083,1709.995,0.000,251.566,125.699
4XL,1,1,2666666,5333332,2666666,705.503,51.536,2186.014,0.000,260.293,162.971
4XL,1,2,2666666,5333336,112,960.121,79.453,3153.530,0.000,944.402,265.091
4XL,1,3,112,0,0,0.140,0.010,0.000,,,
4XL,1,0,100000,5333332,2666666,21.351,7.097,1727.282,0.000,252.994,125.324
4XL,1,1,2666666,5333332,2666666,701.510,51.544,2192.395,0.000,271.636,166.009
4XL,1,2,2666666,5333336,112,957.397,80.028,3133.145,0.000,943.302,262.417
4XL,1,3,112,0,0,0.133,0.008,0.000,,,
4XL,128,0,100000,5333332,2666666,8.405,20.720,80.231,0.000,24.684,17.969
4XL,128,1,2666666,5333332,2666666,33.303,9.442,107.305,0.000,68.159,10.523
4XL,128,2,2666666,5333336,112,26.800,6.917,63.277,0.000,21.227,11.068
4XL,128,3,112,0,0,0.090,0.033,0.000,,,
4XL,128,0,100000,5333332,2666666,2.337,1.517,53.658,0.000,18.147,8.928
4XL,128,1,2666666,5333332,2666666,29.276,6.293,47.196,0.000,13.652,4.863
4XL,128,2,2666666,5333336,112,19.245,5.868,59.365,0.000,19.357,8.008
4XL,128,3,112,0,0,0.084,0.028,0.000,,,
4XL,128,0,100000,5333332,2666666,2.436,1.698,49.051,0.000,16.372,8.930
4XL,128,1,2666666,5333332,2666666,22.809,5.349,46.251,0.000,12.909,4.861
4XL,128,2,2666666,5333336,112,17.469,6.536,58.262,0.000,19.213,7.503
4XL,128,3,112,0,0,0.084,0.027,0.000,,,
4XL,128,0,100000,5333332,2666666,2.325,1.377,48.184,0.000,14.966,8.809
4XL,128,1,2666666,5333332,2666666,25.137,5.625,44.386,0.000,12.250,4.701
4XL,128,2,2666666,5333336,112,18.952,6.724,59.027,0.000,20.121,7.385
4XL,128,3,112,0,0,0.088,0.040,0.000,,,
4XL,128,0,100000,5333332,2666666,2.444,1.770,52.556,0.000,19.575,8.826
4XL,128,1,2666666,5333332,2666666,23.186,6.356,45.031,0.000,12.787,4.688
4XL,128,2,2666666,5333336,112,19.139,5.709,58.786,0.000,19.942,7.530
4XL,128,3,112,0,0,0.091,0.026,0.000,,,
4XL,128,0,100000,5333332,2666666,2.360,1.555,50.344,0.000,17.388,9.103
4XL,128,1,2666666,5333332,2666666,22.833,5.901,45.926,0.000,12.385,4.735
4XL,128,2,2666666,5333336,112,17.533,5.947,58.311,0.000,19.062,7.667
4XL,128,3,112,0,0,0.079,0.033,0.000,,,
4XL,16,0,100000,5333332,2666666,3.897,3.484,152.971,0.000,26.534,33.638
4XL,16,1,2666666,5333332,2666666,65.470,9.714,164.969,0.000,32.387,20.103
4XL,16,2,2666666,5333336,112,82.127,6.817,218.490,0.000,74.150,19.925
4XL,16,3,112,0,0,0.082,0.025,0.000,,,
4XL,16,0,100000,5333332,2666666,3.302,1.254,137.871,0.000,19.836,30.185
4XL,16,1,2666666,5333332,2666666,61.013,5.860,153.657,0.000,20.121,20.700
4XL,16,2,2666666,5333336,112,78.285,7.118,219.451,0.000,73.777,19.810
4XL,16,3,112,0,0,0.088,0.024,0.000,,,
4XL,16,0,100000,5333332,2666666,3.258,1.260,136.934,0.000,20.057,29.758
4XL,16,1,2666666,5333332,2666666,62.986,7.447,152.942,0.000,19.664,20.614
4XL,16,2,2666666,5333336,112,81.273,6.708,222.036,0.000,74.916,20.922
4XL,16,3,112,0,0,0.079,0.025,0.000,,,
4XL,16,0,100000,5333332,2666666,4.277,1.313,135.762,0.000,20.114,28.003
4XL,16,1,2666666,5333332,2666666,64.000,6.453,155.473,0.000,19.929,20.933
4XL,16,2,2666666,5333336,112,79.307,6.325,221.748,0.000,75.243,20.403
4XL,16,3,112,0,0,0.085,0.026,0.000,,,
4XL,16,0,100000,5333332,2666666,3.278,1.255,135.334,0.000,19.777,27.841
4XL,16,1,2666666,5333332,2666666,64.029,6.873,153.540,0.000,19.641,20.186
4XL,16,2,2666666,5333336,112,78.848,6.388,224.500,0.000,76.178,20.997
4XL,16,3,112,0,0,0.085,0.026,0.000,,,
4XL,16,0,100000,5333332,2666666,3.288,1.292,136.887,0.000,19.660,30.106
4XL,16,1,2666666,5333332,2666666,62.006,5.317,153.555,0.000,20.185,20.792
4XL,16,2,2666666,5333336,112,82.212,6.989,223.770,0.000,75.895,20.887
4XL,16,3,112,0,0,0.081,0.024,0.000,,,
4XL,2,0,100000,5333332,2666666,15.648,5.346,1006.474,0.000,120.740,177.334
4XL,2,1,2666666,5333332,2666666,391.640,26.766,1172.066,0.000,129.151,129.425
4XL,2,2,2666666,5333336,112,523.245,39.185,1504.081,0.000,432.873,106.948
4XL,2,3,112,0,0,0.099,0.011,0.000,,,
4XL,2,0,100000,5333332,2666666,14.154,4.284,1008.812,0.000,119.129,176.668
4XL,2,1,2666666,5333332,2666666,388.361,26.220,1176.134,0.000,130.658,134.893
4XL,2,2,2666666,5333336,112,526.923,40.965,1497.644,0.000,429.979,104.949
4XL,2,3,112,0,0,0.109,0.012,0.000,,,
4XL,2,0,100000,5333332,2666666,15.506,4.380,1004.945,0.000,119.672,175.653
4XL,2,1,2666666,5333332,2666666,389.075,26.230,1171.458,0.000,126.007,132.627
4XL,2,2,2666666,5333336,112,527.455,40.672,1660.897,0.000,511.042,143.375
4XL,2,3,112,0,0,0.092,0.012,0.000,,,
4XL,2,0,100000,5333332,2666666,14.605,4.333,1005.418,0.000,120.436,176.714
4XL,2,1,2666666,5333332,2666666,389.692,25.935,1173.443,0.000,130.813,133.886
4XL,2,2,2666666,5333336,112,528.359,41.528,1661.065,0.000,515.118,144.870
4XL,2,3,112,0,0,0.118,0.010,0.000,,,
4XL,2,0,100000,5333332,2666666,16.031,4.236,997.272,0.000,119.492,175.601
4XL,2,1,2666666,5333332,2666666,393.261,25.601,1169.350,0.000,125.524,132.290
4XL,2,2,2666666,5333336,112,528.949,41.616,1675.370,0.000,518.181,147.213
4XL,2,3,112,0,0,0.111,0.012,0.000,,,
4XL,2,0,100000,5333332,2666666,14.658,4.321,995.469,0.000,119.718,176.614
4XL,2,1,2666666,5333332,2666666,390.019,26.208,1180.912,0.000,131.156,134.327
4XL,2,2,2666666,5333336,112,530.463,41.268,1672.600,0.000,517.066,146.598
4XL,2,3,112,0,0,0.102,0.011,0.000,,,
4XL,32,0,100000,5333332,2666666,4.467,5.959,98.547,0.000,19.321,24.611
4XL,32,1,2666666,5333332,2666666,40.531,8.007,103.608,0.000,33.495,11.519
4XL,32,2,2666666,5333336,112,45.333,6.087,124.054,0.000,41.654,12.561
4XL,32,3,112,0,0,0.082,0.027,0.000,,,
4XL,32,0,100000,5333332,2666666,2.234,1.157,81.748,0.000,14.840,16.427
4XL,32,1,2666666,5333332,2666666,38.086,5.971,90.298,0.000,14.349,9.674
4XL,32,2,2666666,5333336,112,41.543,6.042,124.516,0.000,40.692,11.950
4XL,32,3,112,0,0,0.090,0.026,0.000,,,
4XL,32,0,100000,5333332,2666666,2.250,1.228,84.596,0.000,15.554,16.678
4XL,32,1,2666666,5333332,2666666,36.186,6.186,90.294,0.000,14.458,9.673
4XL,32,2,2666666,5333336,112,42.168,7.118,126.457,0.000,41.477,12.245
4XL,32,3,112,0,0,0.084,0.025,0.000,,,
4XL,32,0,100000,5333332,2666666,2.316,1.294,84.809,0.000,16.566,16.963
4XL,32,1,2666666,5333332,2666666,39.521,5.277,90.985,0.000,14.500,9.849
4XL,32,2,2666666,5333336,112,44.604,7.427,127.055,0.000,41.587,12.542
4XL,32,3,112,0,0,0.078,0.027,0.000,,,
4XL,32,0,100000,5333332,2666666,2.313,1.312,87.641,0.000,18.671,17.179
4XL,32,1,2666666,5333332,2666666,36.955,6.123,91.278,0.000,14.479,9.646
4XL,32,2,2666666,5333336,112,44.091,6.851,128.020,0.000,42.330,12.505
4XL,32,3,112,0,0,0.086,0.033,0.000,,,
4XL,32,0,100000,5333332,2666666,2.454,1.372,85.645,0.000,15.180,17.615
4XL,32,1,2666666,5333332,2666666,38.858,6.821,91.140,0.000,14.482,9.337
4XL,32,2,2666666,5333336,112,43.589,6.466,128.494,0.000,42.210,12.616
4XL,32,3,112,0,0,0.084,0.027,0.000,,,
4XL,4,0,100000,5333332,2666666,10.934,3.496,606.157,0.000,62.688,115.113
4XL,4,1,2666666,5333332,2666666,234.733,14.703,713.651,0.000,70.072,77.575
4XL,4,2,2666666,5333336,112,298.058,21.713,1015.966,0.000,298.377,95.992
4XL,4,3,112,0,0,0.096,0.014,0.000,,,
4XL,4,0,100000,5333332,2666666,10.317,2.031,602.413,0.000,59.967,119.226
4XL,4,1,2666666,5333332,2666666,234.228,13.184,707.257,0.000,66.318,76.318
4XL,4,2,2666666,5333336,112,305.609,23.337,1003.539,0.000,289.993,92.480
4XL,4,3,112,0,0,0.090,0.013,0.000,,,
4XL,4,0,100000,5333332,2666666,10.778,2.073,603.333,0.000,60.044,121.474
4XL,4,1,2666666,5333332,2666666,232.459,13.094,704.446,0.000,63.572,76.173
4XL,4,2,2666666,5333336,112,305.795,22.886,1025.731,0.000,300.063,97.461
4XL,4,3,112,0,0,0.099,0.019,0.000,,,
4XL,4,0,100000,5333332,2666666,10.355,1.997,606.058,0.000,59.083,123.259
4XL,4,1,2666666,5333332,2666666,233.762,13.702,717.740,0.000,66.092,77.126
4XL,4,2,2666666,5333336,112,305.154,22.918,1023.271,0.000,300.873,97.917
4XL,4,3,112,0,0,0.103,0.013,0.000,,,
4XL,4,0,100000,5333332,2666666,10.658,2.058,602.475,0.000,59.418,121.344
4XL,4,1,2666666,5333332,2666666,232.115,13.642,710.814,0.000,64.359,76.509
4XL,4,2,2666666,5333336,112,304.738,22.925,1024.505,0.000,300.654,95.694
4XL,4,3,112,0,0,0.103,0.011,0.000,,,
4XL,4,0,100000,5333332,2666666,10.526,2.075,600.246,0.000,58.769,118.645
4XL,4,1,2666666,5333332,2666666,232.714,13.499,713.559,0.000,66.496,76.852
4XL,4,2,2666666,5333336,112,306.676,23.574,1022.329,0.000,297.803,98.256
4XL,4,3,112,0,0,0.101,0.013,0.000,,,
4XL,64,0,100000,5333332,2666666,5.767,11.394,70.572,0.000,17.957,16.313
4XL,64,1,2666666,5333332,2666666,28.838,6.245,85.534,0.000,41.626,8.526
4XL,64,2,2666666,5333336,112,33.028,4.661,72.618,0.000,26.556,9.161
4XL,64,3,112,0,0,0.065,0.022,0.000,,,
4XL,64,0,100000,5333332,2666666,1.822,1.084,51.906,0.000,13.491,9.373
4XL,64,1,2666666,5333332,2666666,24.095,5.616,53.851,0.000,11.925,5.596
4XL,64,2,2666666,5333336,112,24.506,4.957,71.985,0.000,25.097,7.937
4XL,64,3,112,0,0,0.070,0.021,0.000,,,
4XL,64,0,100000,5333332,2666666,2.683,1.176,52.284,0.000,13.098,9.920
4XL,64,1,2666666,5333332,2666666,21.203,5.112,53.630,0.000,11.663,5.403
4XL,64,2,2666666,5333336,112,23.668,4.859,71.444,0.000,24.926,7.827
4XL,64,3,112,0,0,0.071,0.022,0.000,,,
4XL,64,0,100000,5333332,2666666,1.985,1.227,57.164,0.000,16.172,9.780
4XL,64,1,2666666,5333332,2666666,24.873,5.774,54.941,0.000,12.079,5.626
4XL,64,2,2666666,5333336,112,24.468,4.799,74.687,0.000,25.697,8.132
4XL,64,3,112,0,0,0.073,0.023,0.000,,,
4XL,64,0,100000,5333332,2666666,1.858,1.197,53.811,0.000,13.587,9.668
4XL,64,1,2666666,5333332,2666666,23.185,5.856,55.785,0.000,12.664,5.482
4XL,64,2,2666666,5333336,112,25.278,5.155,76.483,0.000,26.116,8.293
4XL,64,3,112,0,0,0.068,0.024,0.000,,,
4XL,64,0,100000,5333332,2666666,1.785,1.274,53.455,0.000,12.899,9.677
4XL,64,1,2666666,5333332,2666666,23.174,5.855,55.618,0.000,12.611,5.521
4XL,64,2,2666666,5333336,112,25.197,5.938,74.823,0.000,25.358,8.185
4XL,64,3,112,0,0,0.069,0.025,0.000,,,
4XL,8,0,100000,5333332,2666666,5.284,2.205,270.076,0.000,36.199,57.498
4XL,8,1,2666666,5333332,2666666,111.216,12.074,299.405,0.000,43.330,36.984
4XL,8,2,2666666,5333336,112,150.147,12.025,421.932,0.000,138.782,37.984
4XL,8,3,112,0,0,0.084,0.015,0.000,,,
4XL,8,0,100000,5333332,2666666,4.840,1.291,260.717,0.000,33.288,55.440
4XL,8,1,2666666,5333332,2666666,109.927,7.240,298.611,0.000,35.428,38.912
4XL,8,2,2666666,5333336,112,146.328,11.251,425.736,0.000,140.350,37.637
4XL,8,3,112,0,0,0.077,0.015,0.000,,,
4XL,8,0,100000,5333332,2666666,5.197,1.344,284.071,0.000,33.680,55.862
4XL,8,1,2666666,5333332,2666666,113.679,8.201,329.625,0.000,34.192,39.588
4XL,8,2,2666666,5333336,112,151.476,11.406,476.231,0.000,147.011,43.341
4XL,8,3,112,0,0,0.089,0.030,0.000,,,
4XL,8,0,100000,5333332,2666666,5.268,1.294,282.109,0.000,33.113,55.847
4XL,8,1,2666666,5333332,2666666,109.802,7.858,329.610,0.000,35.518,38.641
4XL,8,2,2666666,5333336,112,150.148,11.567,475.483,0.000,147.466,43.115
4XL,8,3,112,0,0,0.082,0.031,0.000,,,
4XL,8,0,100000,5333332,2666666,5.251,1.382,283.384,0.000,33.479,55.582
4XL,8,1,2666666,5333332,2666666,109.843,8.179,327.226,0.000,34.437,38.234
4XL,8,2,2666666,5333336,112,150.679,11.502,478.644,0.000,148.548,43.784
4XL,8,3,112,0,0,0.082,0.029,0.000,,,
4XL,8,0,100000,5333332,2666666,5.369,1.377,282.075,0.000,32.589,54.938
4XL,8,1,2666666,5333332,2666666,110.817,10.524,328.012,0.000,34.789,38.801
4XL,8,2,2666666,5333336,112,152.093,12.192,480.266,0.000,147.756,44.765
4XL,8,3,112,0,0,0.093,0.030,0.000,,,
8XL,1,0,100000,10666666,5333333,26.222,14.330,3782.211,0.000,600.516,408.236
8XL,1,1,5333333,10666666,5333333,1615.769,113.169,4730.499,0.000,542.601,403.355
8XL,1,2,5333333,10666668,434,1901.737,142.218,6324.944,0.000,1711.783,419.846
8XL,1,3,434,0,0,0.420,0.023,0.000,,,
8XL,1,0,100000,10666666,5333333,26.110,13.917,3805.177,0.000,597.607,407.468
8XL,1,1,5333333,10666666,5333333,1626.172,103.999,4686.838,0.000,519.345,410.366
8XL,1,2,5333333,10666668,434,1887.125,141.311,6288.289,0.000,1697.677,408.870
8XL,1,3,434,0,0,0.416,0.023,0.000,,,
8XL,1,0,100000,10666666,5333333,25.872,14.002,3759.147,0.000,597.554,407.696
8XL,1,1,5333333,10666666,5333333,1611.410,103.999,4692.056,0.000,514.279,406.837
8XL,1,2,5333333,10666668,434,1899.805,140.681,6897.517,0.000,1992.343,571.546
8XL,1,3,434,0,0,0.445,0.026,0.000,,,
8XL,1,0,100000,10666666,5333333,26.223,13.899,3752.435,0.000,596.267,407.319
8XL,1,1,5333333,10666666,5333333,1609.373,104.970,4707.580,0.000,518.762,413.036
8XL,1,2,5333333,10666668,434,1899.125,141.733,6897.540,0.000,1996.510,570.805
8XL,1,3,434,0,0,0.439,0.026,0.000,,,
8XL,1,0,100000,10666666,5333333,26.399,13.902,3747.083,0.000,595.664,405.271
8XL,1,1,5333333,10666666,5333333,1618.399,104.323,4692.791,0.000,513.673,408.737
8XL,1,2,5333333,10666668,434,1906.619,141.689,6910.089,0.000,2006.591,575.606
8XL,1,3,434,0,0,0.434,0.024,0.000,,,
8XL,1,0,100000,10666666,5333333,26.368,13.881,3742.087,0.000,596.087,405.460
8XL,1,1,5333333,10666666,5333333,1611.272,103.860,4696.111,0.000,518.573,415.712
8XL,1,2,5333333,10666668,434,1899.836,141.976,6909.852,0.000,2004.324,576.004
8XL,1,3,434,0,0,0.425,0.026,0.000,,,
8XL,128,0,100000,10666666,5333333,14.142,29.382,165.811,0.000,41.090,42.531
8XL,128,1,5333333,10666666,5333333,49.248,13.581,155.015,0.000,72.232,16.713
8XL,128,2,5333333,10666668,434,46.080,11.604,133.649,0.000,43.916,22.576
8XL,128,3,434,0,0,0.201,0.058,0.000,,,
8XL,128,0,100000,10666666,5333333,2.785,2.467,100.920,0.000,30.345,16.798
8XL,128,1,5333333,10666666,5333333,41.325,9.379,125.480,0.000,51.636,8.226
8XL,128,2,5333333,10666668,434,31.317,9.931,123.865,0.000,38.276,15.656
8XL,128,3,434,0,0,0.232,0.067,0.000,,,
8XL,128,0,100000,10666666,5333333,2.842,2.460,101.215,0.000,28.160,18.005
8XL,128,1,5333333,10666666,5333333,40.515,9.265,104.601,0.000,28.496,8.252
8XL,128,2,5333333,10666668,434,31.055,9.468,125.081,0.000,39.938,15.613
8XL,128,3,434,0,0,0.200,0.063,0.000,,,
8XL,128,0,100000,10666666,5333333,3.072,2.305,99.041,0.000,27.651,17.193
8XL,128,1,5333333,10666666,5333333,41.045,8.341,127.903,0.000,54.043,8.306
8XL,128,2,5333333,10666668,434,30.917,10.226,125.748,0.000,39.620,15.326
8XL,128,3,434,0,0,0.197,0.060,0.000,,,
8XL,128,0,100000,10666666,5333333,3.071,2.386,98.718,0.000,27.266,17.454
8XL,128,1,5333333,10666666,5333333,40.773,9.479,170.037,0.000,94.576,8.382
8XL,128,2,5333333,10666668,434,30.933,10.409,127.419,0.000,41.203,15.680
8XL,128,3,434,0,0,0.206,0.056,0.000,,,
8XL,128,0,100000,10666666,5333333,3.878,2.328,100.154,0.000,28.243,17.518
8XL,128,1,5333333,10666666,5333333,41.377,9.436,103.884,0.000,29.744,8.475
8XL,128,2,5333333,10666668,434,31.157,9.607,125.542,0.000,39.336,15.319
8XL,128,3,434,0,0,0.197,0.060,0.000,,,
8XL,16,0,100000,10666666,5333333,4.399,4.457,288.238,0.000,36.228,69.578
8XL,16,1,5333333,10666666,5333333,126.203,19.020,342.411,0.000,62.418,38.141
8XL,16,2,5333333,10666668,434,141.940,13.120,463.346,0.000,149.879,40.369
8XL,16,3,434,0,0,0.178,0.049,0.000,,,
8XL,16,0,100000,10666666,5333333,4.464,2.000,270.451,0.000,26.667,65.125
8XL,16,1,5333333,10666666,5333333,123.818,9.553,321.439,0.000,41.798,38.519
8XL,16,2,5333333,10666668,434,141.982,11.493,464.725,0.000,148.754,40.669
8XL,16,3,434,0,0,0.176,0.047,0.000,,,
8XL,16,0,100000,10666666,5333333,3.472,1.993,272.930,0.000,27.406,64.673
8XL,16,1,5333333,10666666,5333333,123.050,9.512,318.526,0.000,39.469,38.016
8XL,16,2,5333333,10666668,434,142.166,11.443,462.223,0.000,149.048,40.123
8XL,16,3,434,0,0,0.177,0.048,0.000,,,
8XL,16,0,100000,10666666,5333333,3.503,1.898,273.764,0.000,27.207,67.170
8XL,16,1,5333333,10666666,5333333,121.195,11.457,326.678,0.000,45.808,38.951
8XL,16,2,5333333,10666668,434,142.134,11.031,467.944,0.000,150.613,41.486
8XL,16,3,434,0,0,0.173,0.048,0.000,,,
8XL,16,0,100000,10666666,5333333,3.555,1.921,271.323,0.000,27.011,64.300
8XL,16,1,5333333,10666666,5333333,123.729,9.544,325.877,0.000,46.046,37.950
8XL,16,2,5333333,10666668,434,143.185,11.015,471.072,0.000,152.926,42.047
8XL,16,3,434,0,0,0.188,0.047,0.000,,,
8XL,16,0,100000,10666666,5333333,3.400,1.933,285.573,0.000,28.129,62.676
8XL,16,1,5333333,10666666,5333333,124.509,13.320,347.075,0.000,40.298,36.937
8XL,16,2,5333333,10666668,434,138.653,10.045,507.720,0.000,152.106,46.491
8XL,16,3,434,0,0,0.196,0.061,0.000,,,
8XL,2,0,100000,10666666,5333333,19.409,9.624,1983.535,0.000,149.772,382.486
8XL,2,1,5333333,10666666,5333333,877.908,51.242,2500.761,0.000,254.607,259.947
8XL,2,2,5333333,10666668,434,1020.114,64.033,3340.649,0.000,902.997,226.948
8XL,2,3,434,0,0,0.366,0.037,0.000,,,
8XL,2,0,100000,10666666,5333333,17.597,8.420,1963.207,0.000,148.123,375.490
8XL,2,1,5333333,10666666,5333333,871.647,50.099,2495.297,0.000,251.001,268.576
8XL,2,2,5333333,10666668,434,1019.741,64.777,3373.873,0.000,913.440,231.293
8XL,2,3,434,0,0,0.354,0.037,0.000,,,
8XL,2,0,100000,10666666,5333333,18.951,8.508,1953.622,0.000,146.813,373.648
8XL,2,1,5333333,10666666,5333333,873.028,49.943,2501.236,0.000,247.211,264.822
8XL,2,2,5333333,10666668,434,1030.815,65.147,3662.003,0.000,1066.208,306.881
8XL,2,3,434,0,0,0.393,0.041,0.000,,,
8XL,2,0,100000,10666666,5333333,18.131,8.398,1959.837,0.000,146.935,373.327
8XL,2,1,5333333,10666666,5333333,873.588,50.995,2506.448,0.000,250.270,270.235
8XL,2,2,5333333,10666668,434,1024.998,66.022,3642.069,0.000,1055.446,299.832
8XL,2,3,434,0,0,0.380,0.040,0.000,,,
8XL,2,0,100000,10666666,5333333,18.932,8.474,1961.859,0.000,147.829,374.849
8XL,2,1,5333333,10666666,5333333,870.895,50.849,2487.731,0.000,247.156,265.896
8XL,2,2,5333333,10666668,434,1028.064,65.966,3675.441,0.000,1072.818,308.055
8XL,2,3,434,0,0,0.381,0.039,0.000,,,
8XL,2,0,100000,10666666,5333333,17.662,8.436,1948.855,0.000,148.526,373.469
8XL,2,1,5333333,10666666,5333333,877.321,49.709,2502.588,0.000,250.590,269.858
8XL,2,2,5333333,10666668,434,1028.298,65.017,3665.828,0.000,1064.271,303.767
8XL,2,3,434,0,0,0.366,0.040,0.000,,,
8XL,32,0,100000,10666666,5333333,4.467,6.951,186.896,0.000,35.122,43.068
8XL,32,1,5333333,10666666,5333333,72.245,13.542,210.689,0.000,46.175,24.128
8XL,32,2,5333333,10666668,434,74.928,10.043,268.141,0.000,85.109,25.718
8XL,32,3,434,0,0,0.219,0.048,0.000,,,
8XL,32,0,100000,10666666,5333333,2.511,2.331,166.419,0.000,26.452,35.456
8XL,32,1,5333333,10666666,5333333,69.984,10.489,205.432,0.000,43.902,19.296
8XL,32,2,5333333,10666668,434,76.942,8.453,267.853,0.000,83.982,24.842
8XL,32,3,434,0,0,0.183,0.049,0.000,,,
8XL,32,0,100000,10666666,5333333,3.414,2.529,169.609,0.000,28.128,37.143
8XL,32,1,5333333,10666666,5333333,74.094,12.760,203.994,0.000,43.317,19.204
8XL,32,2,5333333,10666668,434,77.606,9.087,270.067,0.000,85.023,25.395
8XL,32,3,434,0,0,0.199,0.057,0.000,,,
8XL,32,0,100000,10666666,5333333,2.672,2.311,167.661,0.000,26.418,37.021
8XL,32,1,5333333,10666666,5333333,69.826,10.647,198.021,0.000,38.172,18.683
8XL,32,2,5333333,10666668,434,78.508,9.922,271.616,0.000,86.306,25.547
8XL,32,3,434,0,0,0.182,0.051,0.000,,,
8XL,32,0,100000,10666666,5333333,2.519,2.328,167.247,0.000,25.579,37.538
8XL,32,1,5333333,10666666,5333333,71.513,9.883,204.157,0.000,42.902,17.719
8XL,32,2,5333333,10666668,434,78.644,8.887,271.198,0.000,86.417,25.549
8XL,32,3,434,0,0,0.182,0.061,0.000,,,
8XL,32,0,100000,10666666,5333333,2.568,2.254,167.320,0.000,26.114,37.607
8XL,32,1,5333333,10666666,5333333,72.514,11.322,188.721,0.000,29.700,18.103
8XL,32,2,5333333,10666668,434,79.290,10.021,272.066,0.000,86.694,25.527
8XL,32,3,434,0,0,0.230,0.052,0.000,,,
8XL,4,0,100000,10666666,5333333,10.587,4.827,1050.498,0.000,78.966,240.143
8XL,4,1,5333333,10666666,5333333,460.849,27.499,1292.240,0.000,132.321,143.878
8XL,4,2,5333333,10666668,434,528.119,33.484,1849.680,0.000,499.811,132.253
8XL,4,3,434,0,0,0.303,0.076,0.000,,,
8XL,4,0,100000,10666666,5333333,10.285,4.162,1094.205,0.000,73.109,242.834
8XL,4,1,5333333,10666666,5333333,491.113,26.726,1413.334,0.000,126.735,148.830
8XL,4,2,5333333,10666668,434,564.279,33.906,1978.566,0.000,538.818,156.397
8XL,4,3,434,0,0,0.286,0.069,0.000,,,
8XL,4,0,100000,10666666,5333333,10.628,4.099,1092.081,0.000,73.385,239.767
8XL,4,1,5333333,10666666,5333333,488.555,24.794,1409.057,0.000,122.872,149.430
8XL,4,2,5333333,10666668,434,566.529,34.447,1973.515,0.000,537.511,157.237
8XL,4,3,434,0,0,0.324,0.069,0.000,,,
8XL,4,0,100000,10666666,5333333,10.053,4.050,1098.675,0.000,74.121,243.539
8XL,4,1,5333333,10666666,5333333,491.268,25.189,1410.216,0.000,124.527,151.542
8XL,4,2,5333333,10666668,434,571.436,34.662,2021.753,0.000,562.749,170.973
8XL,4,3,434,0,0,0.297,0.070,0.000,,,
8XL,4,0,100000,10666666,5333333,10.680,4.138,1090.170,0.000,74.264,232.467
8XL,4,1,5333333,10666666,5333333,482.586,26.628,1408.295,0.000,123.171,149.085
8XL,4,2,5333333,10666668,434,570.043,34.289,1955.519,0.000,530.333,150.123
8XL,4,3,434,0,0,0.293,0.064,0.000,,,
8XL,4,0,100000,10666666,5333333,10.364,4.195,1090.836,0.000,73.423,238.182
8XL,4,1,5333333,10666666,5333333,486.001,26.278,1414.766,0.000,124.857,151.627
8XL,4,2,5333333,10666668,434,567.269,34.586,2041.991,0.000,569.860,175.648
8XL,4,3,434,0,0,0.308,0.078,0.000,,,
8XL,64,0,100000,10666666,5333333,6.512,12.641,147.181,0.000,35.169,27.601
8XL,64,1,5333333,10666666,5333333,50.635,14.713,166.836,0.000,53.365,19.983
8XL,64,2,5333333,10666668,434,48.349,11.083,174.580,0.000,57.523,18.638
8XL,64,3,434,0,0,0.172,0.057,0.000,,,
8XL,64,0,100000,10666666,5333333,2.382,2.883,127.322,0.000,26.151,21.438
8XL,64,1,5333333,10666666,5333333,47.686,9.888,132.965,0.000,27.890,10.339
8XL,64,2,5333333,10666668,434,43.075,8.744,171.455,0.000,53.662,17.054
8XL,64,3,434,0,0,0.173,0.042,0.000,,,
8XL,64,0,100000,10666666,5333333,2.364,2.283,127.154,0.000,24.882,21.857
8XL,64,1,5333333,10666666,5333333,45.697,8.113,160.178,0.000,55.457,10.322
8XL,64,2,5333333,10666668,434,43.842,9.531,172.264,0.000,55.212,17.553
8XL,64,3,434,0,0,0.184,0.044,0.000,,,
8XL,64,0,100000,10666666,5333333,2.249,2.403,125.502,0.000,26.800,22.261
8XL,64,1,5333333,10666666,5333333,45.955,8.873,133.746,0.000,28.082,10.298
8XL,64,2,5333333,10666668,434,45.148,9.102,170.335,0.000,54.762,17.716
8XL,64,3,434,0,0,0.174,0.053,0.000,,,
8XL,64,0,100000,10666666,5333333,2.362,2.339,125.621,0.000,27.569,22.695
8XL,64,1,5333333,10666666,5333333,46.870,10.372,141.599,0.000,36.185,10.179
8XL,64,2,5333333,10666668,434,44.572,9.196,168.496,0.000,55.539,17.558
8XL,64,3,434,0,0,0.178,0.048,0.000,,,
8XL,64,0,100000,10666666,5333333,2.237,2.611,123.515,0.000,25.521,22.519
8XL,64,1,5333333,10666666,5333333,46.448,9.256,127.545,0.000,27.910,10.743
8XL,64,2,5333333,10666668,434,46.740,9.442,167.992,0.000,55.595,17.812
8XL,64,3,434,0,0,0.174,0.050,0.000,,,
8XL,8,0,100000,10666666,5333333,6.304,4.764,513.514,0.000,45.438,118.461
8XL,8,1,5333333,10666666,5333333,232.469,17.141,619.509,0.000,77.078,70.669
8XL,8,2,5333333,10666668,434,266.088,19.060,875.377,0.000,269.862,74.180
8XL,8,3,434,0,0,0.197,0.049,0.000,,,
8XL,8,0,100000,10666666,5333333,5.775,2.353,507.772,0.000,38.747,119.745
8XL,8,1,5333333,10666666,5333333,227.480,15.045,609.707,0.000,68.628,71.956
8XL,8,2,5333333,10666668,434,264.043,17.437,881.849,0.000,273.761,74.651
8XL,8,3,434,0,0,0.196,0.047,0.000,,,
8XL,8,0,100000,10666666,5333333,5.850,2.625,554.655,0.000,39.805,126.143
8XL,8,1,5333333,10666666,5333333,239.383,14.890,679.022,0.000,66.334,71.585
8XL,8,2,5333333,10666668,434,288.219,18.242,996.207,0.000,294.404,88.095
8XL,8,3,434,0,0,0.248,0.051,0.000,,,
8XL,8,0,100000,10666666,5333333,5.789,2.589,552.588,0.000,39.800,125.424
8XL,8,1,5333333,10666666,5333333,237.852,14.894,675.855,0.000,65.449,73.672
8XL,8,2,5333333,10666668,434,286.382,18.303,989.622,0.000,291.171,88.217
8XL,8,3,434,0,0,0.241,0.054,0.000,,,
8XL,8,0,100000,10666666,5333333,5.829,2.499,552.100,0.000,39.165,125.584
8XL,8,1,5333333,10666666,5333333,239.436,13.714,676.114,0.000,65.027,73.849
8XL,8,2,5333333,10666668,434,286.519,18.244,989.736,0.000,291.409,88.033
8XL,8,3,434,0,0,0.262,0.068,0.000,,,
8XL,8,0,100000,10666666,5333333,5.848,2.657,556.920,0.000,41.733,126.586
8XL,8,1,5333333,10666666,5333333,237.313,14.763,678.315,0.000,65.992,72.513
8XL,8,2,5333333,10666668,434,287.716,18.773,992.113,0.000,292.255,86.570
8XL,8,3,434,0,0,0.214,0.059,0.000,,,
XL,1,0,98194,1309196,646139,18.437,1.801,392.236,0.000,64.078,22.677
XL,1,1,646139,1292237,616539,136.510,12.668,455.856,0.000,87.371,46.343
XL,1,2,616539,1233075,12,263.065,33.266,533.128,0.000,184.617,38.309
XL,1,3,12,0,0,0.016,0.003,0.000,,,
XL,1,0,98194,1309196,646139,18.479,1.780,390.693,0.000,63.731,22.902
XL,1,1,646139,1292237,616539,137.126,12.823,466.493,0.000,89.889,52.811
XL,1,2,616539,1233075,12,262.622,34.482,529.024,0.000,178.803,35.478
XL,1,3,12,0,0,0.014,0.003,0.000,,,
XL,1,0,98194,1309196,646139,18.538,1.768,392.165,0.000,64.900,23.071
XL,1,1,646139,1292237,616539,133.366,12.780,466.746,0.000,88.379,53.188
XL,1,2,616539,1233075,12,267.070,35.118,564.093,0.000,195.453,45.077
XL,1,3,12,0,0,0.014,0.003,0.000,,,
XL,1,0,98194,1309196,646139,18.791,1.806,393.614,0.000,64.785,23.025
XL,1,1,646139,1292237,616539,133.478,13.122,469.860,0.000,90.133,55.759
XL,1,2,616539,1233075,12,267.636,35.554,559.490,0.000,195.204,44.960
XL,1,3,12,0,0,0.015,0.003,0.000,,,
XL,1,0,98194,1309196,646139,18.632,1.756,393.669,0.000,65.758,22.938
XL,1,1,646139,1292237,616539,138.167,12.866,464.086,0.000,88.046,52.330
XL,1,2,616539,1233075,12,266.323,35.569,567.031,0.000,197.159,46.110
XL,1,3,12,0,0,0.014,0.003,0.000,,,
XL,1,0,98194,1309196,646139,18.987,1.803,394.598,0.000,64.660,23.064
XL,1,1,646139,1292237,616539,138.316,12.695,471.182,0.000,90.114,55.977
XL,1,2,616539,1233075,12,266.800,35.342,561.943,0.000,197.908,45.918
XL,1,3,12,0,0,0.015,0.003,0.000,,,
XL,128,0,98194,1309196,646139,7.555,18.346,37.239,0.000,12.562,9.743
XL,128,1,646139,1292237,616539,20.862,3.240,20.355,0.000,10.944,1.803
XL,128,2,616539,1233075,12,9.703,3.598,19.117,0.000,7.407,5.913
XL,128,3,12,0,0,0.021,0.003,0.000,,,
XL,128,0,98194,1309196,646139,1.656,0.616,16.033,0.000,5.691,2.595
XL,128,1,646139,1292237,616539,10.063,2.139,14.062,0.000,4.087,1.718
XL,128,2,616539,1233075,12,11.064,2.121,12.395,0.000,5.113,1.647
XL,128,3,12,0,0,0.025,0.004,0.000,,,
XL,128,0,98194,1309196,646139,1.591,0.622,17.112,0.000,6.650,2.671
XL,128,1,646139,1292237,616539,7.282,1.688,13.798,0.000,4.352,1.691
XL,128,2,616539,1233075,12,8.177,2.042,12.613,0.000,5.272,1.648
XL,128,3,12,0,0,0.022,0.004,0.000,,,
XL,128,0,98194,1309196,646139,1.666,0.656,16.743,0.000,5.929,3.134
XL,128,1,646139,1292237,616539,6.963,1.615,13.844,0.000,4.402,1.693
XL,128,2,616539,1233075,12,8.027,2.161,12.554,0.000,5.125,1.664
XL,128,3,12,0,0,0.022,0.004,0.000,,,
XL,128,0,98194,1309196,646139,1.508,0.626,16.829,0.000,6.253,2.810
XL,128,1,646139,1292237,616539,6.838,2.147,14.633,0.000,4.259,1.744
XL,128,2,616539,1233075,12,8.273,2.033,13.022,0.000,5.582,1.674
XL,128,3,12,0,0,0.024,0.004,0.000,,,
XL,128,0,98194,1309196,646139,1.596,0.644,16.560,0.000,5.436,3.332
XL,128,1,646139,1292237,616539,7.813,1.990,13.621,0.000,4.237,1.698
XL,128,2,616539,1233075,12,7.890,2.376,12.561,0.000,5.081,1.677
XL,128,3,12,0,0,0.021,0.003,0.000,,,
XL,16,0,98194,1309196,646139,4.418,2.727,41.322,0.000,6.782,9.684
XL,16,1,646139,1292237,616539,19.123,2.527,39.034,0.000,8.390,6.263
XL,16,2,616539,1233075,12,29.602,3.956,44.797,0.000,17.506,4.590
XL,16,3,12,0,0,0.019,0.004,0.000,,,
XL,16,0,98194,1309196,646139,3.537,0.573,39.745,0.000,6.455,9.842
XL,16,1,646139,1292237,616539,16.833,1.816,39.317,0.000,8.518,6.627
XL,16,2,616539,1233075,12,29.038,3.778,44.364,0.000,17.124,4.440
XL,16,3,12,0,0,0.019,0.004,0.000,,,
XL,16,0,98194,1309196,646139,2.784,0.545,38.334,0.000,5.778,9.088
XL,16,1,646139,1292237,616539,16.003,2.732,38.257,0.000,7.107,6.646
XL,16,2,616539,1233075,12,29.413,4.243,45.220,0.000,17.601,4.544
XL,16,3,12,0,0,0.019,0.004,0.000,,,
XL,16,0,98194,1309196,646139,2.676,0.555,38.584,0.000,6.260,9.057
XL,16,1,646139,1292237,616539,16.334,2.894,38.765,0.000,7.243,6.870
XL,16,2,616539,1233075,12,29.798,3.934,45.283,0.000,17.530,4.482
XL,16,3,12,0,0,0.019,0.004,0.000,,,
XL,16,0,98194,1309196,646139,2.668,0.571,39.811,0.000,6.185,8.911
XL,16,1,646139,1292237,616539,17.416,2.507,39.060,0.000,7.437,6.741
XL,16,2,616539,1233075,12,29.484,3.932,45.664,0.000,17.680,4.568
XL,16,3,12,0,0,0.020,0.004,0.000,,,
XL,16,0,98194,1309196,646139,2.795,0.565,38.419,0.000,5.876,8.830
XL,16,1,646139,1292237,616539,16.880,1.967,38.931,0.000,7.376,6.972
XL,16,2,616539,1233075,12,30.195,3.971,45.369,0.000,17.559,4.468
XL,16,3,12,0,0,0.019,0.004,0.000,,,
XL,2,0,98194,1309196,646139,14.638,1.160,241.516,0.000,29.895,42.873
XL,2,1,646139,1292237,616539,94.155,6.865,266.260,0.000,42.751,42.078
XL,2,2,616539,1233075,12,165.590,18.266,311.332,0.000,106.755,23.366
XL,2,3,12,0,0,0.016,0.003,0.000,,,
XL,2,0,98194,1309196,646139,13.458,1.104,237.014,0.000,29.614,42.901
XL,2,1,646139,1292237,616539,91.935,6.708,272.232,0.000,45.332,46.211
XL,2,2,616539,1233075,12,166.421,18.221,310.171,0.000,106.820,22.319
XL,2,3,12,0,0,0.017,0.004,0.000,,,
XL,2,0,98194,1309196,646139,13.437,1.083,238.025,0.000,29.180,44.148
XL,2,1,646139,1292237,616539,91.586,6.762,272.963,0.000,43.513,47.012
XL,2,2,616539,1233075,12,167.370,17.882,326.179,0.000,114.858,26.550
XL,2,3,12,0,0,0.016,0.003,0.000,,,
XL,2,0,98194,1309196,646139,14.380,1.301,240.885,0.000,30.002,41.983
XL,2,1,646139,1292237,616539,93.099,6.774,275.487,0.000,45.408,49.025
XL,2,2,616539,1233075,12,168.243,18.111,326.627,0.000,115.054,26.518
XL,2,3,12,0,0,0.015,0.003,0.000,,,
XL,2,0,98194,1309196,646139,14.568,1.148,244.616,0.000,29.673,43.692
XL,2,1,646139,1292237,616539,93.695,6.795,269.598,0.000,43.678,46.723
XL,2,2,616539,1233075,12,167.917,18.367,327.128,0.000,116.693,27.422
XL,2,3,12,0,0,0.016,0.003,0.000,,,
XL,2,0,98194,1309196,646139,13.823,1.157,237.855,0.000,30.102,44.751
XL,2,1,646139,1292237,616539,92.870,6.713,272.293,0.000,45.503,49.003
XL,2,2,616539,1233075,12,168.683,18.080,324.971,0.000,116.545,27.083
XL,2,3,12,0,0,0.019,0.003,0.000,,,
XL,32,0,98194,1309196,646139,2.783,3.303,28.445,0.000,6.372,6.428
XL,32,1,646139,1292237,616539,11.443,2.158,23.470,0.000,6.283,3.565
XL,32,2,616539,1233075,12,16.123,2.688,26.111,0.000,10.559,3.819
XL,32,3,12,0,0,0.019,0.004,0.000,,,
XL,32,0,98194,1309196,646139,1.773,0.525,22.538,0.000,5.187,4.895
XL,32,1,646139,1292237,616539,9.605,1.813,22.961,0.000,4.617,3.678
XL,32,2,616539,1233075,12,14.666,2.275,23.925,0.000,9.523,2.789
XL,32,3,12,0,0,0.017,0.004,0.000,,,
XL,32,0,98194,1309196,646139,2.517,0.546,21.873,0.000,4.704,4.793
XL,32,1,646139,1292237,616539,9.438,1.580,21.831,0.000,4.876,3.585
XL,32,2,616539,1233075,12,17.081,2.700,24.677,0.000,9.925,2.789
XL,32,3,12,0,0,0.019,0.004,0.000,,,
XL,32,0,98194,1309196,646139,1.679,0.532,22.283,0.000,4.590,4.801
XL,32,1,646139,1292237,616539,9.292,1.942,22.346,0.000,4.768,3.557
XL,32,2,616539,1233075,12,16.977,2.935,24.960,0.000,9.822,2.731
XL,32,3,12,0,0,0.018,0.004,0.000,,,
XL,32,0,98194,1309196,646139,1.665,0.515,22.510,0.000,4.572,5.023
XL,32,1,646139,1292237,616539,9.550,1.859,22.684,0.000,4.874,3.633
XL,32,2,616539,1233075,12,14.237,2.180,25.183,0.000,9.898,2.744
XL,32,3,12,0,0,0.018,0.004,0.000,,,
XL,32,0,98194,1309196,646139,1.654,0.559,24.052,0.000,4.514,5.000
XL,32,1,646139,1292237,616539,8.957,2.028,22.770,0.000,4.854,3.586
XL,32,2,616539,1233075,12,14.225,2.493,25.370,0.000,9.987,2.825
XL,32,3,12,0,0,0.021,0.004,0.000,,,
XL,4,0,98194,1309196,646139,11.945,0.937,143.229,0.000,17.795,26.103
XL,4,1,646139,1292237,616539,54.861,4.499,159.219,0.000,24.165,22.731
XL,4,2,616539,1233075,12,96.298,10.538,195.585,0.000,65.280,18.090
XL,4,3,12,0,0,0.018,0.003,0.000,,,
XL,4,0,98194,1309196,646139,9.191,0.698,142.733,0.000,17.190,26.753
XL,4,1,646139,1292237,616539,53.956,4.395,157.179,0.000,23.899,21.795
XL,4,2,616539,1233075,12,94.584,11.337,192.860,0.000,64.678,16.679
XL,4,3,12,0,0,0.016,0.003,0.000,,,
XL,4,0,98194,1309196,646139,10.197,0.884,143.701,0.000,16.494,28.244
XL,4,1,646139,1292237,616539,55.887,4.457,157.909,0.000,23.056,24.182
XL,4,2,616539,1233075,12,95.436,11.953,195.415,0.000,65.882,17.779
XL,4,3,12,0,0,0.014,0.003,0.000,,,
XL,4,0,98194,1309196,646139,10.185,0.851,141.596,0.000,16.276,25.978
XL,4,1,646139,1292237,616539,53.618,4.483,157.200,0.000,23.666,22.212
XL,4,2,616539,1233075,12,95.428,11.780,198.996,0.000,67.616,18.615
XL,4,3,12,0,0,0.014,0.003,0.000,,,
XL,4,0,98194,1309196,646139,10.546,0.910,142.445,0.000,16.251,26.820
XL,4,1,646139,1292237,616539,53.947,4.156,158.155,0.000,24.052,22.140
XL,4,2,616539,1233075,12,94.551,10.736,198.212,0.000,66.802,17.499
XL,4,3,12,0,0,0.016,0.003,0.000,,,
XL,4,0,98194,1309196,646139,10.469,0.728,141.793,0.000,16.496,26.335
XL,4,1,646139,1292237,616539,53.895,4.378,159.592,0.000,24.324,22.936
XL,4,2,616539,1233075,12,95.833,11.111,204.967,0.000,70.714,19.780
XL,4,3,12,0,0,0.019,0.003,0.000,,,
XL,64,0,98194,1309196,646139,4.522,4.221,23.873,0.000,7.518,4.798
XL,64,1,646139,1292237,616539,9.775,2.389,18.335,0.000,6.808,2.480
XL,64,2,616539,1233075,12,11.144,2.054,18.271,0.000,7.773,3.493
XL,64,3,12,0,0,0.020,0.004,0.000,,,
XL,64,0,98194,1309196,646139,1.172,0.579,17.173,0.000,4.948,2.429
XL,64,1,646139,1292237,616539,7.667,1.859,14.571,0.000,3.727,1.983
XL,64,2,616539,1233075,12,10.302,1.890,15.670,0.000,6.602,2.042
XL,64,3,12,0,0,0.018,0.004,0.000,,,
XL,64,0,98194,1309196,646139,1.225,0.560,16.400,0.000,4.265,2.523
XL,64,1,646139,1292237,616539,6.786,2.144,16.183,0.000,3.988,2.164
XL,64,2,616539,1233075,12,10.351,1.953,15.545,0.000,6.406,2.027
XL,64,3,12,0,0,0.019,0.004,0.000,,,
XL,64,0,98194,1309196,646139,1.241,0.557,16.965,0.000,4.148,2.907
XL,64,1,646139,1292237,616539,6.941,1.762,14.796,0.000,3.775,2.146
XL,64,2,616539,1233075,12,10.221,2.526,15.394,0.000,6.274,2.032
XL,64,3,12,0,0,0.016,0.004,0.000,,,
XL,64,0,98194,1309196,646139,1.193,0.563,16.492,0.000,5.268,2.755
XL,64,1,646139,1292237,616539,7.005,1.865,14.995,0.000,3.901,2.077
XL,64,2,616539,1233075,12,10.075,2.088,15.901,0.000,6.646,2.041
XL,64,3,12,0,0,0.018,0.004,0.000,,,
XL,64,0,98194,1309196,646139,1.218,0.539,15.553,0.000,4.399,2.804
XL,64,1,646139,1292237,616539,7.318,1.915,14.940,0.000,3.976,2.032
XL,64,2,616539,1233075,12,10.021,2.242,15.771,0.000,6.525,2.047
XL,64,3,12,0,0,0.015,0.003,0.000,,,
XL,8,0,98194,1309196,646139,4.963,0.642,67.212,0.000,10.654,15.120
XL,8,1,646139,1292237,616539,29.338,2.699,70.837,0.000,13.233,10.903
XL,8,2,616539,1233075,12,48.049,5.489,86.221,0.000,32.827,7.940
XL,8,3,12,0,0,0.016,0.003,0.000,,,
XL,8,0,98194,1309196,646139,4.253,0.568,65.979,0.000,8.978,16.371
XL,8,1,646139,1292237,616539,32.117,2.609,69.819,0.000,12.529,12.414
XL,8,2,616539,1233075,12,49.184,6.237,83.918,0.000,31.921,7.661
XL,8,3,12,0,0,0.018,0.003,0.000,,,
XL,8,0,98194,1309196,646139,4.274,0.589,64.775,0.000,9.018,15.713
XL,8,1,646139,1292237,616539,27.592,2.712,69.835,0.000,12.411,13.384
XL,8,2,616539,1233075,12,50.487,5.653,87.239,0.000,32.304,7.905
XL,8,3,12,0,0,0.016,0.003,0.000,,,
XL,8,0,98194,1309196,646139,4.281,0.552,65.565,0.000,9.561,15.639
XL,8,1,646139,1292237,616539,28.100,2.374,70.662,0.000,13.111,13.337
XL,8,2,616539,1233075,12,50.399,6.760,87.048,0.000,32.549,7.665
XL,8,3,12,0,0,0.017,0.003,0.000,,,
XL,8,0,98194,1309196,646139,4.275,0.589,65.251,0.000,9.431,15.530
XL,8,1,646139,1292237,616539,28.724,2.321,69.942,0.000,12.992,12.908
XL,8,2,616539,1233075,12,49.446,5.474,86.113,0.000,32.328,7.569
XL,8,3,12,0,0,0.016,0.003,0.000,,,
XL,8,0,98194,1309196,646139,4.271,0.587,64.348,0.000,8.830,15.110
XL,8,1,646139,1292237,616539,28.026,3.362,69.227,0.000,13.109,12.517
XL,8,2,616539,1233075,12,47.478,5.331,86.893,0.000,32.785,8.117
XL,8,3,12,0,0,0.014,0.003,0.000,,,
